score,review
5,빵이 다 빵이죠 얼마나 기대를 갖고 오시길래 기대에 못친다 하는지 모르겠어여 적당히 맛있고 크기 비해 가격도 적당하다 생각함. 대량생산으로 체계 바뀌었는데도 이정도 퀄이면 나쁘지 않다 생각 ! 
4,언제 먹어도 맛있는 노티드 얼그레이 존맛~~ 성수점은 가게가 작아서 다른 지점보다 종류가 다양하진 않은 것 같음
2,금요일 낮에 방문했는데 줄 별로 안 서는 건 좋았음 다른 지점에 비해 종류가 적고 체인인데 왜 맛이 다른 지점보다 떨어지는지 모르겠음 
1,주말 낮 알바분 너무 불친절
5,"맛있어요 ㅠㅠ!! 매번 늦은 오후에 가서… ㅜㅜ 바닐라, 카야, 우유생크림, 초코푸딩 먹어봤는데  카야 신세계… (카야를 처음 먹어봄) 우유생크림은 이제 여기저기 나와서? 굳이 재구매는 안할 것 같구 직원분들 친절합니다! 근데 줄이 바깥까지 있으면 안먹을 것 같음"
4,도넛은 맛있지만 줄슬정도눈 아님 직원 친절
5,웨이팅 없어서 좋아요. 연남동도 요즘 편하게 살수있어요.
5,웨이팅 없어서 좋음 :)
5,맛있어요
1,마! 등킨드나쓰 무봤나? 내는 여서 따따블 주고 뭇따...
5,키크고 쌍꺼풀 없는 남자분.. 성함 몰라서 죄송해요 ㅠㅠ 전화응대도 아주 잘 해주시고 매장 방문했을 때도 친절하셔서 기분 정말 좋았습니다. 이런 직원분들이 대우 받아야 됩니다. 
2,"주문받으면서 은근히 3개 이상만 박스 포장을 강조하며, 3개 이상만 판매를 유도하네요. 크림이 눌린다나 어쩐다나. 1개만 사도 비닐에 넣어주고 크림 안빠져 나오니, 혼자 가시거나, 한두개만 맛보려는 분은 박스 포장 필요없다 하세요. 가격에 비해 맛도 평범했고, 저는 그저 그랬습니다. "
1,"이제 안가! 작아지고 질겨지고,,,,"
4,맛있다는 소문 들어서 근처에 있던김에 갔는데 맛있어요. 제가 갔을땐 웨이팅이 길지 않아서 오래 안 기다렸어요.
4,종류가 많지 않지만 기본은 다 맛있었어요~
1,왜가지.... 평범한맛
3,매장이 크지않아서 도넛종류가 많지 않은게 아쉽네요ㅜㅜ
1,직원분들이 소리를 많이 지르시네요~^^~
1,좌석도 없는 테이크아웃 매장인데 직원들 친절도는 체인브랜드만도 못함. 문 밀어서 여는지 표시도 안해놓고 나가는 모든손님들에게 짜증. 직원들 cs 교육 좀 제대로 하세요
5,맛있어요~~ 크림듬뿍이라 행복해지는 맛이에요~
4,성수점만의 소르베를 먹어보지 못해 아쉽네요 ㅠㅠ 
5,맛있어요~~ 크림듬뿍이라 행복해지는 맛이에요~
4,성수점만의 소르베를 먹어보지 못해 아쉽네요 ㅠㅠ 
5,맛있어요~~ 크림듬뿍이라 행복해지는 맛이에요~
4,성수점만의 소르베를 먹어보지 못해 아쉽네요 ㅠㅠ 
