score,review
4,그래두 무난하게 머귬 낫밷!
4,특히 칠리새우샌드위치 맛있음!!
1,"쟁반,무거워요"
1,기대가 컸나봅니다 파니니 맛없긴힘든데 테이블 간격 좁고 양 적고..베스트메뉴인 치킨파니니는 진짜.. 가격대비 너무 저렴한 맛. 가지도 딱히.. 안녕히계세요
1,솔직히 이런 곳은 애견동반이라고 홍보하면 안된다...... 
3,가격에비해 양이 적어요
3,"밀크티가 맛있었다. 서울숲에서 멀리 떨어지지 않은 곳에서, 별로 걷고 싶지 않은데 간단하게 무언가 마시거나 먹고 싶으면 괜찮은 선택이 될 수 있다. 하지만 조금만 걸어나가면 엄청나게 많은 가게들이 기다리고 있다! 그런데 그 많은 가게들 중 엄청 맛있는 집은 사실 별로 없다."
2,"평범한 맛 , 비싼가격, 적은양"
2,비싸고 양 적은 집
2,파니니가 이렇게 차가울 수 있나요?  만들어 놓은거 주문 들어오면 플레이팅만 해서 나오나봐요 너무 차갑고 맛이 없어요 ㅠㅠ 
5,맛있고 강아지도 야외테이블 가능 주차도 되고 서울숲가깝고 단골 가게 
4,"비싸다 싸다는 상대적인 것이다. 사람에 따라, 지역에 따라 다르다  이곳은 학생에겐 비싼 편이다 그러나 아뜰리에거리에 음식점에 비하면 비싼 편은 아니다 갤러리아포레 브런치가게 치고 비싼 편은 아니다  브런치와 커피를 서울숲이 올때마다 먹는데 항상 맛있게 먹고간다. 서울숲 산책 이후에 가볍게 먹기 좋은 최적의 위치, 최고의 카페이다  거기다 주차까지 두시간을..."
4,맛있는데 음식들 음료수들 다 미친듯이 느리게 나옴
4,조금 비싼 가격이지만 서울숲에서 샐러드를 먹고 싶을 때 가면 좋을 것 같아요.
1,베스트 메뉴라는 연어아보카도샐러드를 주문했는데 가격에 비해 연어랑 아보카도 양이 너무 적고 거의 녹색잎야채(양상추?) 위주로 구성되어서 실망스러움.
5,가격이 비싸서 약간 망설였는데 너무 맛있고 만족스러운 한끼였어요! 위치도 전시회보고 먹기 딱 좋은거같아요~ 치킨 파니니는 약간 매콤하면서 피자느낌이고 연어아보카도샐러드는 재료도 다 신선하고 양도 배부르게 먹을정도였어요. 그리고 생자몽에이드도 그냥 시럽만 넣은게 아니라 과육이 씹혀서 맛있었어요. 담에 전시회갈때 다시 갈꺼에요
2,연어아보카도 샐러드와 가지 파니니 각각 13000원이란게 믿을 수 없을 정도로 빈약했음 포장만 아니었음 보자마자 따졌을 거임
3,토마토주스 달아요
3,내스탈 바닐라라떼는 아님 분말형 텁텁함 느끼함
4,아보카도샌드위치 굿 
4,"맛있는 브런치! 가격대는 좀 있지만, 브런치먹고 차한잔 하면서 여유있게 서울숲을 감상하기엔 더 없이 좋은 곳."
3,맛은 있어요 그렇지만 가격대비 양이 살짝 적어요. SNS용 사진 올리기에 적당한 플레이팅이 이 곳의 특징인듯
3,내스탈 바닐라라떼는 아님 분말형 텁텁함 느끼함
4,아보카도샌드위치 굿 
4,"맛있는 브런치! 가격대는 좀 있지만, 브런치먹고 차한잔 하면서 여유있게 서울숲을 감상하기엔 더 없이 좋은 곳."
3,맛은 있어요 그렇지만 가격대비 양이 살짝 적어요. SNS용 사진 올리기에 적당한 플레이팅이 이 곳의 특징인듯
