score,review
1,라떼 6400원 이 난감한 분위기 속에서 마시는 내내  물음표가 가득 생성되는 맛. 
1,왜 유명한데임..? 왜?...왜...? 이가격주고 커피먹을빠에 컴포즈간다 매장은 넓고 이뻤음 근데 사람이 ㅈㄴ많아서 못앉고 걍....탄식만나옴
1,직원들 개불친절  샌프란시스코 직원은 엄청친절했는데 좀 보고 배워라 맛은 그냥 저냥
1,이 정도 맛을 내는 카페는 요즘은 어딜가든 있는거 같다. 가격에 비해 커피맛은 so so
3,뉴올리언스 맛있지만 매장 분위기가 너무 어수선했어요 테이블과 의자가 불편하고 매장은 지하1층에 단층으로만 있는데 층고는 높고 사람은 많고 소리는 반사되고 그 공간을 다 울려서 정신이 없었어요 공간적인 분위기가 너무 없습니다 유리칸막이 너머로 보이는 널찍한 진입불가 전시공간과는 대비되는 도때기시장같은 손님 공간이 웃겼어요 그냥
2,위치나 인테리어 음악 같은 요소들은 좋아요. 성수동에 커피로 유명한 카페들이 많긴 하지만 거기에 크게 뒤쳐지는 것도 아니고요. 근데 서울 시내에 이정도 규모의 카페에서 무료 와이파이를 제공하지 않는 건 처음 경험하네요.
5,"주차 공간 너무 좋고, 친절하고, 쾌적하고, 커피 맛도 좋았습니다.  제 커피 내리면서 집중하고 직접 가져다 주시는데 이게 뭐라고 감동이죠?! "
3,널찍한 공간에 맛있는 커피. 하지만 맛과 가치에 비해 과하게 비싼 가격. 호구 되기 싫어서 한국에선 별로 방문하고 싶지 않아요. 
1,qr 폐지됐는데 찍지 않으면 못 마신다함. 접종완료자가 아니어서 쫓겨남ㅋㅋ 주변에 더 맛있는 커피집 많아서 대체제가 많던데 굳이 갈 필요 없는 듯
5,직원분들 정말 친절하시고 핸드드립도 맛있음 
5,외국에서 찾았갔던 블루보틀인데 성수에 생겨서 좋았습니다 커피 맛있어요
1,커피가 맛있는가 : X ㄴ 다른 여타 프렌차이즈 카페랑 똑같거나 혹은 그 이하 흔한 맛. 뉴 올리언스 너무 싱거움  가격이 저렴한가 : X ㄴ 근데 가격은 스타벅스 숏 사이즈에 벤티 가격  시설이 좋은가 : X ㄴ 의자 개낮고 노 와이파이 노 콘센트  직원이 친절한가 : X ㄴ 목소리 작아서 말 하나도 안들림   비가 새는가 : O ㄴ 지하 통유리로 물샘....
4,라떼가 뛰어나게 맛있는지는 잘 모르겠지만..
5,ice Americano was great
3,산미 커피를 싫어하는 분은 비추합니다. 예전 한국에 처음 들어왔을때는 방문에 의의를 둘 수 있었지만 지금은..? 
5,직원분들이 정말 친절하세요
5,나 화낫어  //좋아요 8개 감사합니다!! (하나는 내가누름)
2,"2021.10.6 오후17시경 방문  외근 나갔다가 동료분과 함께 간 블루보틀입니다.   호지차 카푸치노와 스콘,오렌지 크림치즈 마들렌 주문했습니다.   호지차 카푸치노는 호지차 향이 너무 약해서 그다지.. 스콘은 라즈베리잼이 맛있어요. 오렌지 크림치즈 마들렌은 너무 달고 오렌지 풍미가 부족하고 치즈 맛도 잘 못 살린 것 같아요.   주문 받으시는 직원분 ..."
1,"드립이 먼저 제조됐는데, 같이 주문한 아메리카노 순서가 아직 안됐다고 더 기다려 같이 받아야 된다 함. 향 날아가고 식으며 드립 메리트 없어짐.  아메리카노는 물양이 적다고 미리 양해 구하길래 뜨거운물 같이 달라니 안된다고 커피 다 마시고 나서 요청하면 줄 수 있다 함. 위장에서 섞어야 함. 쟁반도 못 봄. 컵만 들고 날라야 함. 그냥 모든 것이 회사입장에..."
4,무난합니다. 
3,"""좋은 장소지만 명성에 비하면 조금 미흡합니다."" 3.5 / 5.0  "
2,"기대이하,.."
3,기대한만큼은 아니었어요..
1,왜가지여기
1,가격은 합리적인가? 커피 맛는 있는가? 자리는 편한가?
1,커피맛없음. 너무비쌈. 자리불편. 주차불가. 커피빈 압승
5,커피맛을 모르는 1인이지만 유명한 커피 도전! 맛나요 ㅎㅎ
5,싱글 오리진 라떼 최고네요 요즘은 웨이팅도 적어서 더 좋음
2,블루보틀....음 사진이나 찍으러 가야지...웨이팅길고 의자 불편하고...커피...음...그래...쫌...그래...
5,그냥 한번쯤 가볼만한 카페
2,줄서고 자리 기다리고 마시기엔 커피맛이 너무 기대 이하인 곳
2,줄서서 먹을 정도인가?;;;
5,친절해요~  
5,분위기 좋아요
5,넘친절하게 설명도잘해주시고 세심함을 느꼈습니다
3,맛은있는데 어마무시한건지는...잘...
5,정신없고 바쁜 와중에도 계속 인사해주고 커피 신맛 싫어한다 말했더니 추천도 해주시고 매우 친절. 앞에서 큐알체크해주시는 분이 매우 활기차게 인사해주심   유행 시들해질 쯤 가니 웨이팅 적고 좋음ㅎㅎ 근데 신맛은 진짜 진짜 맛없음
5,주문중에 지인이랑 더현대서울 블루보틀에서 마셨던 싱글오리진 라떼가 별로였었다 대화했는데 그걸 들으시곤 정성스럽게 싱글 오리진 라떼를 서비스로 만들어주셨어요! 이런게 요즘 시대에 사라진 진짜 서비스라 생각됩니다. 감사합니다 새별 바리스타님!
4,줄이 너무너무 기네요 ㅜㅜ 흑흑
2,가격대비 맛은 흠.. 다른 커피집 가야겠다
3,사실 커피 맛 잘 모르겠고.. 분위기도 어딘지 모르게 불편함....
1,자리가 없으면 입구에서 안내를 해줬으면 함. 놀라플로트 먹었는데 돈아까움. 폴바셋이 훨씬 남 컵이 작아서 넘칠 거 같음. 
2,특별한 맛은 못 느꼈어요 의자에 머리카락이 많아 더 놀랐어요
5,좋아요
4,#아메리카노#굿
2,..?
3,"직원서비스는 최고인데, 오래 머무를 곳은 아니며 본점이지만 큰 매력은 못 느끼겠다. 굿즈는 가격 사악하지만 소장욕구 넘침"
5,귀리우유로 만든 라떼 진짜 먹어본 것 중 최고였어요. 왜 블루보틀 하는지 알겠어요. 자리가 부족해서 아쉬웠지만 전반적인 경험은 좋았어요. 
5,굳
2,그냥 그래요
5,커피~~너무 맛있어용 맛있는커피 마시러가기 좋은곳 ! 작업공간은 콘센트도 와이파이도 없어서 불가능 ..
4,생각보다 괜찮네요
5,* 아 취한드아 놀라 마티니 마시따 가격보고 두번 놀라
3,스벅보단 블루보틀이 좋아서 매장 더 늘어났으면. 사람 넘 몰린다..
4,아메리카노보다는 카페라테를 추천
2,스벅 갈게
3,커피맛 산도있고 다양한맛이 나요  묘해요 아이스 드립 맛있었어요 가까우면 애정하는곳이 됬을듯
3,기대없이 갔는데 뉴올리언스 맛났어요.  자리는 불편했지만 가격만 아니면 괜춘할듯. 
3,인스타용 맛은 별로
4,직원분들 너무너무너무 친절해요 서비스 교육은 진짜 최고이신듯 합니다
5,맛만 따진다면.
2,정신없고 음료 맛도 없음.
2,잘 모르겠음 세련된 분위기는 좋음
4,메뉴는 잘 골라야할듯 저는 추천받아 맛있게 마셨습니당
5,미국 블루보틀이랑 맛 비슷하고 맛있어요.  건축물이 감각적이고 멋있습니다!
2,주위 다른 카페들에 비해 가격이나 맛이나 그닥...
3,친구따라 가보긴했는데 그냥저냥 평범했어요 파란 물병 모양의 로고가 시그니처인듯 사람들이 많이 찍어가더라구요
4,메뉴는 잘 골라야할듯 저는 추천받아 맛있게 마셨습니당
5,미국 블루보틀이랑 맛 비슷하고 맛있어요.  건축물이 감각적이고 멋있습니다!
2,주위 다른 카페들에 비해 가격이나 맛이나 그닥...
3,친구따라 가보긴했는데 그냥저냥 평범했어요 파란 물병 모양의 로고가 시그니처인듯 사람들이 많이 찍어가더라구요
3,너무 기대하고 가서 그런지 생각보다 맛있진 않았어요
2,제 입맛에는 안맞았나봐요.. 커피 산미 너무 쎄요
5,점심때 갔는데 엄청 사람 많아서 오래 기다렸어요 대신 그만큼 맛이 좋아서 기다린 보람이 있어요
1,"샌프란시스코 그 맛있던 블루보틀,특히 케이블카 종점 근처(피어쪽은 별로), 생각하고 마셨다가 아이스라떼 던져 버릴뻔 이건 정말 위해서 하는 말인데요 커피는 같을텐데 맛이 없다는건 1.바리스타  2.머신 둘중 하나입니다"
2,킹시국에도 사람 많은데 놀라플롯보다 폴바셋 라떼가 나음 유자 피즈도 맛없음  후 자리 없어서 나와서 밖에 공원벤치에서 먹어야됨
2,비싸고 양적고 밍밍함  왜 인기많은지 몰겠네
1,누구인가 누가 라떼 맛집 소리를 내었어
2,흐음
1,아직도 사람이 이렇게 많을줄이야 매장은 지하인데 계단이랑 1층까지 줄입니다 당연히 자리 잡는거 거의 불가능해보이구요 일주일치 운을 몰빵해야 앉을수 있습니다 눈치게임 장난 아니에요 다들 서서 서성서성 • 뉴올리언스 마셨는데 너무 맛없어서 놀랄정도 이게 무슨 맛이지..?  그냥 평범한 라떼정도도 아닙니다 맹맹하고 이맛도 저맛도 아닌.. 맛은 너무 실망했습니다 ...
1,굳이 ...한국에 커피 맛있는 곳 널렸어요 거기에 영어간판 유자를 일본식발음으로....인터뷰에서도 느꼈지만 사장이 엄청난 친일...
3,깔끔하다아 
3,의외로 롱블랙이 맛있었다
1,여길 왜 줄까지 서가면서 먹냐 음료 나오면 주섬주섬 영수증 챙겨가야 하고(영수증 안 갖고 오면 돌려보냄) 쟁반도 안 줘서 커피잔에 디저트접시에 뭐에 손 모자라면 옆구리에 잔 끼고 와야 하고 (미국식이라면서 절대로 쟁반 안 줌) 일행이 뒤늦게 오기라도 하면 출입 함부로 할 수 없어서 반드시 밖으로 나가서 일행이라는 걸 인증하고 데리고 와야 하는 곳인데;;;
1,기대를 많이했나? 별로다;;;
5,커피도 맛있고 좋아요
1,"성수동 건물은 외관이 이렇다할 특색이 없음. 엄청나게 울리는 잡음들.  쟁반을 안주는 예의. 일하는 직원들도 공감할 것. 음료, 베이커리, 커피 모든 메뉴들의 맛들이 내는 돈의 가치를 능가하지 못함.  메뉴얼대로 훈련된 친절함. 브랜치 확장은 일본에서 끝냈어야하지 않았을까."
1,○○○ 별로임
4,"블루보틀 역삼보다 넓은데 인테리어나 조명이 훨씬 떨어짐 의자도 너무 없고,, 줄서서 먹어서 더 정신없음 커피맛은 비슷하나 아이스크림 너무적게주고 지점마다 차이가 있는듯"
3,아침에 일찍 여는 편이어서 주말 아침시간 보내기 좋은데 사람많으면 소리가 울리는 구조여서 굳이 싶어요. 이젠 커피맛도 이 정도는 많으니까요. 그렇지만 일관된 인테리어와 엠디상품 등 블루보틀만의 맛은 있습니다.
2,왜 가는지
1,핫플답게 자리가 없을 정도로 사람에 많았는데 외관이랑 달리 건물 내부에 생각보다 테이블이 많이 없었음. 최악이였던건 기다려야하길래 직원분께 따로 웨이팅 명단같은거 없냐니까 없다고 자리는 알아서 찾아야한다고 함; 그러면 나보다 늦게 온 사람이 먼저 자리에 앉아버리면 기다린 사람 입장은 뭐가 되는건지? 블루보틀은 처음이라 기대했는데 이상한 시스템에 실망만 하고...
4,"처음 방문해보는 거라 뭘 골라야 할지 몰라서 배가 고픈대로 그냥 라떼를 시켜봤는데, 보통 라떼를 마시면 뒷맛이 텁텁한 게 있는데 블루보틀 라떼는 그런 게 없더라구요! (원두는 싱글 오리진) 기본 가격에 원두 가격까지 따로 있어서 당황했고 넘 비싸다고 생각했는데 비싼 만큼의 값을 하는 것 같았어요 (근데 직원은 조금 불친절)"
4,라떼를 그닥 좋아하지 않는데도 맛있었어요. 줄만 오래 기다리지 않으면 종종와서 먹을것 같네용. 스콘은 제취향 아니었음 ㅜ
5,저는 별다방보다 좋아요 라떼 맛있더군요. 하도 사람들이 별로라고 해서  기대를 안해서 그런가 전 대만족
3,평일에 가서 대기가 없었지만 분위기도 좋고 밝은 느낌의 카페였다. 커피맛은 생각보다는 평범....
5,워낙 유명해서 ㅎㅎ 믿고 마시는데라 갈때마다 좋아요 라떼도 고소하고 마시고 나와서도 좋은 곳!
3,라떼가 맛있다고 너무 기대하고 가서 그런가... 내입에는 그냥 보통 이였다ㅎ 그래도 매장 깔끔하고 굿즈들도 나쁘지 않아 괜춘ㅎ
2,카페라떼  제입맛엔 싱거웠어요 서비스나 매장환경 등은 참좋지만 아성에 비하면 커피맛은 아쉽네요 
4,라떼는 정말 최고! 다만 주문하면 불러서 오게하는 시스템이면서 왜 쟁반을 안 주는지 모르겠다. 음료나오면 일행 다같이 일어나서 받으러 가야함. 쟁반없이 음료 담긴 컵 들고와야하는데 내 손은 두개뿐이라..아슬아슬하게 들고오는데 계단있고 북적북적해서 음료 다 넘치고 난리ㅠ 근데 라떼는 너무 맛있다. 커피 잘 한다. (마들렌 먹지마세요 리얼 맛없고 비쌈)
1,굳이?
1,그냥 동네 스벅을 가고 말지
2,"장점: 아 거기? 하고 아는 척 가능 단점: 대기시간, 가격, 시설, 서비스  상세설명: 공휴일 기준으로 주문까지 최소 30분, 음료 제조에 20-30분 걸린다. 가격 대비 양이 적고 맛은 평이하다. 원두를 고를 수 있으나 선택지가 다양하지 않다. 면적 대비 좌석 수가 적고 여자 화장실 칸도 부족하다. 진동벨이나 안내 화면이 없어서 주문 후 호명할 때까지 ..."
1,줄 서서 기다리다가 화장실이 급해 아래로 내려가려는데 직원이 제지하면서 새치기 금지하려고 한다는데 남편이 줄에 계속 서 있고 직원이 계속 보고 있고 어떻게 새치기가 가능하다는 건지. 지하철역 화장실 이용하라니. 평생 새치기란 걸 해본적이 없는데 파렴치한으로 몰려 너무 황당하고 화났어요. 다시는 안 온다하고 나왔지만 매니저한테 강력 항의 못한게 억울하네요. 
4,라떼가 유명하대서 먹어봤는데 고소해서 맛있어요. 달달한 거 좋아하는 편이라 조금 싱겁(?)긴 했지만 먹을만했어요. 직원분들 다 친절하셔서 좋아요!
2,맛이 기대이하에요. 
1,줄서서 먹고 빡침이 ...
4,"추석 연휴 첫날 근처 식당에 갔다가 대기시간이 있어서 들렀다.   다행히 대기없이 들어가서, 커피 시키고, 둘러보다가, 커피를 받아서 먹다가 시간에 맞추어 나왔다. 우리는 커피 맛에 만족했다."
5,기다리는 시간이 오래걸리긴 하지만 맛있어요!
2,맛이 기대이하에요. 
1,줄서서 먹고 빡침이 ...
4,"추석 연휴 첫날 근처 식당에 갔다가 대기시간이 있어서 들렀다.   다행히 대기없이 들어가서, 커피 시키고, 둘러보다가, 커피를 받아서 먹다가 시간에 맞추어 나왔다. 우리는 커피 맛에 만족했다."
5,기다리는 시간이 오래걸리긴 하지만 맛있어요!
1,맛이 그닥
5,줄 없음 뉴올리언스 짱 맛있음
3,보통 기다릴 필요가 있을까요?
3,먹을만함
4,빈속에도 편안함 호불호가 갈리는 맛 깔끔하고  후레쉬했다 역시 드립커피! 주차못해 아쉬움 이용할 수 있는 주차장 멀다
2,줄 서서 마실 이유가 없는 맛과 가격
1,라떼 맛 = 99% 우유맛. 좀 진하게 해달라니까 겁나 띠껍게 쳐다보면서 처음부터 왜 말 했냐면서 샷 추가 이천원이라고 함. 처음부터 맛이 이 ㅈㄹ인줄 어떻게 앎???  직원들 매너 좋고 친절하다는 건 초기 오픈 행사 기간만 해당하는 듯. 평일 낮에 삼십분 기다렸는데 절대 그만큼의 가치가 없음. 
5,"1시간의 기다림 ⠀⠀⠀⠀⠀⠀⠀⠀⠀⠀⠀⠀⠀⠀⠀⠀ 저에겐 너무 특별하게 다가왔네요. 모던함과 클래식함을 아우르는 듯한 인테리어와 외관. 기다림도 특별하게 만드는 매력이 있었습니다. 거기에 커피도 아주 만족스러웠습니다. 다른 곳에서 도저히 만날 수 없는 깊은 풍미. 호평과 혹평이 교차하지만, 저는 호평쪽에 한 표 던집니다."
3,한번가고 말듯요...딱 인스타용 그이상 그이하도 아닌곳
5,라떼를 평소 즐겨 마시는데 아이스 라떼는 균형있고 향이 좋다고 생각했어요. 워낙 오픈 때부터 핫한 장소라 엄청 기대하고 가신 분들은 어땠는지 모르겠지만 커피를 즐기는 한사람으로서 매우 만족스러운 라떼였어요. 뉴올리언스는 생각보다 가벼운 맛이었지만 뉴올도 향이 좋아서 나름 만족했어요.
1,요즘엔 음식점 내부가 이 모양이어도 장사가 가능한가봄..신기하네.. 싼 폐건물 사가지고 바닥만 청소하고 가게차려도 호구들이 많아서 잔뜩 와주겠구나 돈벌기 쉽넹
1,그렇게 유명하다길래 1시간 넘게 서서 갔다왔는데 인스타충이면 가는거 추천  커피 주시는 직원분들은 친절하셔서 좋았어요~  그런데 커피 결국엔 다 못먹고 버림
5,멀쩡한 1층에 로스터리실과 바닥을 파서 중정을 내었다. 사람들은 막만든 인더스트리얼 컨셉이라고 짧막하게 유난을 떤다. 하지만 나에겐 답답한 오퍼레이팅을 지울만한 용기있는 공간구성과 지브롤터의 맛을 기억하는 이상 5점이다
5,오늘 가보려고 합니다. 블루보틀은 미국에서부터 유명했던 곳이기에 기대가 많이되네요. 
2,뉴올리언스는 괜찮으나 아메리카노는 별로  시간대비 아쉬운 가격과 맛  한번이면 족합니다  인싸할바에야 아싸하고 안가겠습니다
2,왜 기다리는 지 모르겠음 허영심?
3,커피맛은 스벅보다 조금 나은것 같은데 맛에 비해 가격이 세네요. 스벅기준 short size가 블루보틀 기본 size인데 가격은 스벅 tall size보다도 조금 더 비싸군요. 줄을 아주 오래서지 않아서 덜 억울하지만 굳이 긴 줄을 서가면서 마실정도는 아닌듯 합니다.
1,"일행이 아래에서 기다리고 있는데 내려갈 수 없다고하네요. 직원말로는 일행하고 합류 금지라고 공지하고 있다고 하는데, 저도 일행도 들어본 적 없습니다. 최악의 서비스, 비싼 가격까지. 절대로 가지 않을겁니다"
2,생각보다 한국인의 커피수준이 높다고 느꼈다.  중간정도의 무난함.. 굉장히 맛있다는 아님.  프랜차이즈는 그저 프랜차이즈 매장이 생각보다 작다. 
1,저는 우리동네 카페가 더 괜찮은곳이 많네요. 구지 고만고만한 커피마시자고 기다려서 먹지않으려구요.
1,대한민국 블루보틀 1호점이 바닥이랑 천장 마감도 제대로 안 해서 시멘트 가루가 펄펄 날리다니 진짜 힙스터놈들의 죄가 크다
1,에스프레소 맛을 보고 느낀점은 이 업체가 한국 소비자의 수준을 너무 낮게 생각하고 있는것을 느꼈습니다. 에스프레소를 기대하고 오신 분들께는 절대 추천 드리고 싶지 않습니다. 설탕이 들어간 라떼 시그니쳐 메뉴는 기이하지 않고 평범했습니다. 브류잉은 메뉴얼이 있는듯 보였지만 에스프레소와 마찬가지로 가스가 빠지지 않은 상태에서 손님에게 제공합니다. 노란 웨이브 ...
1,텀블러에 온통 찍힌 자국이 보여서 구매한 여러개 중에 심한 거 딱 하나 교환하러 갔더니 첫 대응이 “확인하고 구매한거 아니냐? 혹시 확인해봤음?” 이더군요.. 기본적으로 물건에 이상이 있는지 확인부터 해보는게 맞지 않을까요? 응대에 매우 실망했습니다.
3,거품빠질려면 오래걸리겠죠...ㅠㅠ
4,줄서는게 좀 힘들었긴 했는데... 라떼 시켰는데 진짜 먹어본 것 중에서 젤 맛있었음!!
1,인스타그램 업로드용 커피집.  여길왜가??????
5,"여기 예전에 칼국수랑 삼계탕 팔던 건물이였음ㅋㅋㅋㅋㅋㅋ 건물주분 ㄹㅇ 로또 맞으심 ㅜㅜ ㅋㅋㅋㅋ사람일은 진짜 모르는듯... 성수동 서울숲은 예전에 경마장 짓는다고해서 말똥냄새 가득했던 지역이고, 성수동은 공장지대였는데....ㅎㅎ 성수동 힙해라ㅏㅏㅏ"
1,거품빠지면 방문해야할듯 너무 줄이 길고 힘듬;;
1,별로
5,네이버 블루보틀 뉴스에 줄서는거 욕하는 방구석 댓글충들 한심 ㅋㅋ 왤케 베베꼬였냐... 불쌍하기도 하고..
5,줄 서는 재미가 있습니다
5,좋네요
4,Finally!
