score,review
1,캬 주변의 하수구 냄새가 향기가 아주 좋아서 1점 드려요
5,근처 베이커리들 통틀어서 제일 합리적임 good
3,야외는 밤에 가기 분위기 있고 좋아요 근데 의자가 이빨이 좀 빠져서 기대기도 어렵고 불안합니다.. 커피 맛은 그냥 그렇고 비건말차는 두유말차인 것 같아요. 의자만 좀 편했으면 다시 가고 싶을 것 같습니다.
2,왜 유명하지… 초코우유는 괜찮은데 밀크티는 음.. 팡도르 그냥 그랬고 샌드위치는 헛웃음이 나오는 맛
2,소금빵은 팥없는 단팥빵임 이름만 소금빵..
4,워낙 유명해서 지나가다 빵만 포장해서 먹었는데 맛있어요~ 앙버터가 시그니쳐인 이유가 있네요!! 
5,"커피 바닐라라떼 시켰는데 가격대비 좋고, 빵은 확실히 맛집 인정. 화장실 냄새 심하대서 긴장했는데 깨끗하구만."
4,사람이많흠
5,커피 빵 모두 맛있어요. 테이크아웃시 가격이 꽤나 저렴하네요. 직원분들도 모두 친절하셔서 좋았습니다.
5,저희가족 맛집입니다 포장은 더 저렴하니 좋네요
4,유명하대서 갔는데 직원 분들은 친절하시고 빵과 음료맛도 괜찮았어요~ 화장실은 조금 그랬네요 ㅠ
5,소금빵 맛있었어요~ 남은 빵 포장 요청했는데 직원분이 실수로 버린 빵 새걸로 하나 주셨어요 ... ^^
3,어수선한 분위기 평범한 빵 지저분한 환경  직원분들은 매우 친절하셔요!
3,빵도 맛있고 분위기도 괜찮음 
3,빵맛집 그치만 로테이션이 많고 시기가 이런만큼 책상 한 번씩은 닦아주세요~!
2,디저트는 낫밷인데 너무 공간이 더러워요 ㅠㅠ 콘크리트 느낌 ... 이게 인스타 핫플인가요..? 
4,빵맛있어요! 사람 너무 많아서 좀 어수선해요
4,우선 직원분들이 친절하신 것 같아요  그리고 빵맛이 좋습니다.  앙버터 너무 맛있어요  음료의 맛은 무난 입니다. 
5,초코라떼 다크초코맛나서 좋아요 -테이크아웃 이용
5,친절하고 분위기 좋아요~!
2,아쉬운게 너무 많아요
3,빵들은 엄청 맛있다  사람 겁나 많음 매장 근처에서부터 오물 냄새나고 야외 자리도 냄새 엄청 남 매장내 화장실 개더럽;; 커피는 가격 대비 별로.. 특히 모카는 왜 신맛나는지.. 진짜 모카는 쓰레기.. 진짜 내가 먹어본 모카 중 제일 비싸고 제일 맛없음.. 다들 돔황챠..!!  왜 후기들이 빵만 포장해 가라는지 알거 같음 다음에 오면 빵만 사갈 생각 1점 ...
5,직원분들이 다들 친절해요 커피맛 쏘쏘 빵은 존맛탱
3,두번방문. 하수구냄새
3,"저는 적당히 괜찮고 연세 있으신 가족은 질린다고 하시네요. 어니언은 빵 토핑맛이 굉장히 강합니다. 초코면 초코! 마늘이면 마늘! 소금이면 소금!! 초록이그거는 초록!!!!! 합니당ㅎㅎ 빵맛은 잘 모르겠어요 ㅠ 색다른 빵 먹고싶을때 가는 곳.  평가 기준 5점: 무조건 다시 감, 4점: 가끔씩 그 메뉴 먹고 싶을 때 감, 3점: 돈을 버리진 않았음, 2: 맛..."
1,"맛, 분위기,서비스 어느 하나도 충족 시키는게 없었음. 재방문 의사 없음."
1,일요일 정오에 가족과 성수동 마실나온참에 넘 더워서 핫플이라는 어니언에 왔어요 먹물빵과 팡도르 음료 몇가지 주문하고 잠깐 앉자마자 모두 포장해서 나왔습니다 화장실을 갔더니 넘 더러워서 식욕이 뚝 떨어졌어요 그리고 앉은 쇼파와 벽 주변에 쫙핀 곰팡이와 냄새로 앉아있을수가 없었어요 나오면서 매니져에게 화장실 컴플레인은 하고 나왔습니다 근데 문제는 집에와서 생겼...
5,여기 앙버터 꼭 드세요 
4,빵
3,생각보다 넓고 폐공장 분위기로 무난하게 커피한잔하기에 좋음. 빵종류가 다양하나 먹고나서도 딱히 엄청 땡기는 빵은 없었던듯
3,야외석?에 있었는데 화장실 냄새가 ㅋㅋㅋㅋ그것도 공중화장실 냄새...빵은 맛있는데....정말 맛있는데....바람 불 때마다 냄새가...나서..야외석은 앉지않는걸로...
5,여름엔 안가요ㅋ 옥상에서 커피마시며 빵먹고 여유있게 시간 즐길 수 있어 좋아요 ㅋ햇살좋은 봄 날 가을 날 주로가는데 운치있고 해삐~ 힐링 지대루ㅎㅎ
4,뎡말루 화장실 쿰쿰한 냄새가 퍼져있네요 ㅠㅠ 냄새 때문에 빨리 나왔어요…. 그치만 빵 넘 맛있고 공간 완전 멋있어요. 글고 직원들 모두가 안녕하세요! 하는 게 정말… 이렇게 멋질 일일까 의문이 들 정도로 멋져요
4,유명한지 오래지만 여지껏 못가다가 방문! 커피 빵 무난하니 나쁘지 않음 루프탑 자리들이 넓직해서 맘에듬ㅎㅎ
4,직원분들 엄청 친절하셨고 밤식빵위에 머랭있어서 식감도 특이하고 맛있었어요. 소금빵도 오... 이래서 추천해주신거였군요. 자리는 좀 불편하고 자리에 콘센트 있어서 충전하기 좋았어요.  테라스에는 빵가루 주워먹으려고 참새들이 반상회합니다ㅋㅋㅋ
1,거미
5,커피 맛있고 직원분들 너무 친절합니다!!
5,먹어본 빵들 다 맛있어요
1,매장 전체에 그윽하게 퍼지는 변소 냄새 ~
4,나쁘지 않았는데 자리가 좀 불편했어요ㅠ 옥상은 좋아요~!!
4,음료는 값을 못하는듯 빵은 개JMT 근데 1인당 음료 하나씩 시키라고 함 ㅡㅡ
5,빵 맛엤음 빵 다사셈 일찍가셈 빵 금방 사라짐 진짜 빵 빵 빵.빵  방 빵 빵 드셈 꼭 빵드셔조셈 여기있는 빵은 다 드셔보셈 빵 꼭 드시라구요.
4,커피는 쏘쏘 빵은 맛집
4,"빵 맛집. 음료도 나쁘지 않다. 바로 만든 빵이라서 그런지 촉촉하고 지나치지 않은 적당한 단맛 정말 최고다. 흠은 사람이 너무 많아 앉을자리찾기 어렵다는것과 (공장컨셉이라는건 알고있지만,,,)   벽에서 곰팡이, 먼지라도 떨어질것같아  먹던 음식맛도 사라질지경 난 포장해와서 먹는다. 포장해와서 먹으면 만족도 ""최고""다"
5,아침마다 커피랑 빵 포장해가는게 그렇게 맛있을 수가 없다
4,워낙 유명해서 사람이 많은게 흠..  팡도르 맛있고 커피도 괜찮아요!
4,유명하니까 한번쯤....!
3,사람 너무 많음
3,광합성 하기 좋은 곳....ㅎㅎ
2,메이플 식빵은 별로에요..o^^o 맛이 없지는 않지만 그렇다고 추천해드릴 정도의 맛은 아닌.. 
2,화장실...
3,북적북적 자리불편 빵은나쁘진않음 커피맛없음
3,빵 맛있음. 사람 너무 많음.
4,가게도 이쁘고 맛있어요 주말에 가면 사람 너무 많아요 ㅠㅠ
4,아침 일찍 문여는데 빵 종류가 많아서 좋아요! 메뉴는 자주 안바뀌지만 맛이 변함없어서 꽂힌메뉴 있으면 자주 사러가는 편이에요. 좌석이 넓고 거리두기 할 수 있어서 요즘같은 때 방문하기 좋은 곳이에요.
5,맛있어용
3,빵은 맛있지만 핫플의 기준은 모르겠다
5,분위기도 너무 좋았는데 직원분들께서 너무 친절하셔서 그게 가장 기억에 남을거같아요ㅠㅠ 싱글오리진 커피 원두맛을 자세하게 설명해주신것부터 손님들이 출입할때마다 친절하게 인사해주셔서 기분 좋은 스테이였습니당!!
4,성수동가면 가볼만한 카페 우ㅓ낙 유명하니..ㅎㅎ
3,성수동에서 젊은 층의 발길을 틀어 상권을 살린 일등공신. 페이스북이 잘나갔을 당시에 홍보효과가 200% 이상 발휘된 독특한 입지를 지닌 카페. 확실히 획기적이고 의의가 크지만 커피의 과한 산도와 베이커리 질은 사실 그렇게 높은지 잘 모르겠다. 직원들도 무난히 친절하심. 커피맛 정말 시다.....
5,최고에요. 너무 친절하고 커피가 참 맛있어요. 
4,성수>>>>안국
1,유명하다고 친구에게 추천받아 갔으나  매우 실망스럽습나다.  가격대비 빵맛도 평범하고 종류도 다양하지 않아 유명 프렌치이즈가 더 낳다는 생각이 드네요  걍 이런곳도 있구나..하고 딱히 시간내어 찿을곳은 아닌것 같습니다.  뭐가 분위기와 빵이 맛있다는지..  리뷰에 실망 실망 대 실망입니다.  넘 시간이 아깝다는 생각이 들어 하루를 망친 느낌입니다.
4,"유명하다는 집앞 빵집을 이제서야 가봤다. 유명세가 끝이 안나는 이유는 대충 알 것 같다. 빵은 전체적으로 달지만 맛있었다. 아 그리고 직원들이 대따 친절하다. 다들 솔 음의 목소리로 친절하게 설명하고, 인사해주는게 아주 그냥 싫던 가게도 좋아질 정도이다. 아무튼 직원들 최고. 한가지 단점은 아메리카노에서 배즙 맛이 난다. 뭔가 맛없다. "
5,왜 유명한지 맛 보니 알겠습니다
3,무난무난
4,브레드공오 빵은 역시 최고
4,"유명하다는 집앞 빵집을 이제서야 가봤다. 유명세가 끝이 안나는 이유는 대충 알 것 같다. 빵은 전체적으로 달지만 맛있었다. 아 그리고 직원들이 대따 친절하다. 다들 솔 음의 목소리로 친절하게 설명하고, 인사해주는게 아주 그냥 싫던 가게도 좋아질 정도이다. 아무튼 직원들 최고. 한가지 단점은 아메리카노에서 배즙 맛이 난다. 뭔가 맛없다. "
5,왜 유명한지 맛 보니 알겠습니다
3,무난무난
4,브레드공오 빵은 역시 최고
5,빵 굿
4,사람들이 많음 사람구경하러 떠나요
3,인스타 갬성
3,빵은 평범하게 맛있는 정도 건물냄새가 좀 심한데 있다보면 적응되긴함
5,빵 너무 맛있는데 옥상에서 참새들이 뺏어갈까 두려움.
5,루프탑 있는 성수 핫플레이스에요ㅎㅎ 주로 젊은 남자분들이 직원이신데 친절하세요! 아메리카노랑 빵이 맛있어서 단 거 좋아하시는 분에게 추천합니다~~
2,"빵 맛있고 커피 맛도 괜찮은데~~ 건물이 빈티지와 시골 폐가를 넘나드네요ㅜㅜ 화장실 냄새가 건물 내부에 풍기더라구요.. 최악.. 인더스트리얼 느낌 인테리어 좋아하는데 여기는 진짜 날것 그대로의 폐가 같아욬ㅋㅋㅋ 재방문 의사는 없는데, 빵은 맛있어서 테이크 아웃할 것 같아요."
5,"직원분들 너무 친절해서 놀랐어요 솔직히. 사람이 항상 많아서 동네에 살면서 이제 처음 방문했어요. 주문도 웃으면서 받아주시고 쟁반 들고갈때 조심하라고 해주시네요. 이렇게 유명한데 서비스 유지하기 쉽지 않을텐데 대단하세요. 덕분에 하루종일 기분 좋았습니다. 테이크아웃하면 2천원 할인입니다. 사실 라떼는 그나마 4500원해야 가게 입장에서 뭐라도 남을텐데, 3..."
4,빵 맛있는 게 많은 편. 직원 친절함에 음료 맛없음이 상쇄됨. 유명하다던 팡도르가 젤 맛없음.
1,금방이라도 무너질거 같음
2,1. 앙버터 스콘 맛있는 고양     빵 부분은 바삭 포슬한 고양     버터는 고소하고 팥은 알맞게 달달한 고양     부스러기 떨어져서 예쁘게 먹기는 힘든 고양  2. 카페라떼 무난한 고양  3. 인더스트리얼 인테리어라 애초에     깔끔한 느낌을 기대하진 않은 고양     그렇다 해도 테이블과 의자와 유리창이     더러웠던 점은 절대로     용서 ...
2,밀크티 맛이 좀 약했어요 ㅠㅠ
4,사람 지이인짜 많지만 빵은 맛있는 편 맛있는거는 맛있음
3,갈 때마다 생각보다 맛없어서 놀래는 빵집.... 가격에 비해 다 그저그래요ㅜㅜ 자리도 불편
3,빵이 이제 별로네요... 분위기를 못따라가네요 비싸기만하고 맛은 별로 ㅠㅠ
5,멋짐!
1,팡도르에게 당했다 인스타 감성은 찾아보기 힘들다 내부가 쾌적하지도 않고 손님도 많아서 정신없고 시끄럽다 타 업장들과 비교했을 때 떨어지면 떨어졌지 특별한 점을 찾을 수 없었다
1,내부에서 곰팡이 냄새가 많이 납니다. 도저히 음식을 먹을 환경은 아니라고 생각합니다. 인기메뉴라는 팡도르는 우선 먹기 힘든데다가 슈가파우더가 많이 달고 느끼합니다. 이거 먹은 뒤로 속이 더부룩해서 어디가든 슈가파우더 있는 빵은 왠지 기피하게 되었어요....
1,몇주전에 갔는데 정말 관리가 되는지 싶은 내부
2,빵비치된거 너무 비위생적이예요 제일 안쪽빵 손가락으로 가리키느라 빵위에서 소매떨면서 침튀기며 이빵신기하다며 난리치는 손님들때문에 빵도 10개살거 1개 사와요.. 코로나때문에 난리인데 노상에서 빵펼쳐놓고 손님도 제재안하고.. 코로나이전에도 노상에 펼쳐서 다들 침튀기며 얘기하는거 별로였음ㅜ
1,커피도 별로빵도 별로 장소는 냄새남...아무리 러프한 공간이라도 최소한의 청결은 유지해야하는데 먼지랑 모래같은 찌꺼기들이 너무 관리가안되있음
2,"성수에 갈 카페가 딱히 없어서 또 가게 된 어니언. 여기 빵은 맛있어 보여서 사게 되나, 막상 먹어보면 사먹은걸 후회하게 됨."
2,빵기대하고 먹었는데 너무 퍽퍽하고 제 스타일은 아니엇어요 ㅜㅜ 
3,"가게 내부 분위기는 나름 힙하지만 곰팡이 냄새나요,,,, 빵은 맛있습니다 특히 팡도르 추천"
2,진짜 장소도 너무 이쁘고 빵도 평타치고 괜찮은데  만국적의 사람을 다 만날 수 있다. 대한민국의 구글이 여기다...
5,빵 존맛
5,너무 유명해져서 나 아니어도 잘 사는 카페
2,유명세에 비해 글쎄..... 굳이....? 아인슈페너 너무맛없어서 놀람
5,커피는 쏘쏘지만 빵은 다 맛있네요 굿 브래드05 빵이라고 들었는데 원래도 브래드05를 좋아해서 찾아갔는데 빵 쓸어왔네요 ㅎ.ㅎ
3,"맛있는데, 기대보다는 별로에요. "
3,인스타 피플들이 입구에서 줄서서 사진찍어대는 통에 들어갈수가없음
3,기분내기 좋은 곳
2,빵과 커피는 평타 레트로분위기 물씬나서 좋았음  근데 안쪽별관에서 정육점냄새나서 완전깸... 청소관리잘안되는듯 
4,분위기 좋고 자리도 꽤 많다 빵가격이 조금 비싸다
3,인스타 gamsung 빵은 그냥 그렇고 커피는 괜찮았음
2,빵과 커피는 평타 레트로분위기 물씬나서 좋았음  근데 안쪽별관에서 정육점냄새나서 완전깸... 청소관리잘안되는듯 
4,분위기 좋고 자리도 꽤 많다 빵가격이 조금 비싸다
3,인스타 gamsung 빵은 그냥 그렇고 커피는 괜찮았음
2,빵음료 다 모르겠고 플라스틱 포크에서 플라스틱이 계속 실오라기처럼 올라와서 너무 별로 였음... 계속 떼어내고 먹긴 먹었는데 신경 너무 쓰였어요. 금속 식기를 쓰거나 제대로 검수한 물건 쓰시길.
4,빵 맛잇음! 
3,빵 음료 커피 전부 별로다 하지만 분위기는 역시 최고
2,빵은 맛이 그냥 그렇고 특별한거 없고 음료도 별로인데 걍 장소가 좋았어요 
3,팡도르 촉촉하고 부드럽고 괜찮음
3,빵은 맛있는데 자리가 너무 없어요... 자리나는거 기다리는 시간이나 그냥 집에 버스타고 가는 시간이나 삐까할듯
4,"빵이 맛있고  뷰도좋은데, 실내 자리가 턱없이 부족. "
3,커피는 평범
5,커피 맛남
1,기관지 jot창납니다
3,2019.01.13 마님과
1,아르바이트생 태도에 처음부터 기분이 나쁨  주문하면서 과연 내가 손님이 맞나 싶었음 
3,빵을 그다지 좋아하지 않아서 ..
3,걍 사진찍으러 한번쯤들리는 듯..
2,인스타 핫플이라 정신없음  팡도르 유명하다고 했는데 잘모르겠음..
5,"일단 건물 스타일이 굉장히 손님들에게 무심한 반면, 그 안에는  엄청난 노력으로 만들어진 느낌이 든다 공간이 주는 분위기로 반은 먹고 들어가는 곳  그렇다고 빵이 맛이 없는 것도 아니다 명란 아보카도는 정말 적정량의 재료들로 최대의 맛을 뽑아내고, 팡도르도 평균 이상의 맛을 가지고 있다"
3,"사람이 너무 많음,,빵도 보통 그냥 인스타사진 찍기 좋은 곳 "
3,먹을만해요. 가격이 좀쎄요
3,팡도르는 생각보다 별로..먹기도 힘들다. 장점은 카페가 예쁘다는 것! 인스타 감성이라는 것!
3,성수동의 핫플레이스 중 하나인 로스터리 & 베이커리 카페. 폐공장부지를 최대한 활용하면서 공장의 흔적을 최대한 살려냈다. 커피는 은은한 자두향과 부드러운 산미가 좋은 '에티오피아 리무 볼렌소'와 풍부하게 녹아든 초콜릿향과 고소한 카카오의 맛의 '코크'중에서 선택할 수 있다.
5,아보카도명란바게트랑 앙버터 샀는데 둘 다 제 입엔 최고였어요! 지인은 버터롤도 샀는데 그것도 최고였다고 합니다^^
1,오늘 갔다와서 후기 남김 너무 실망 와...커피 진심 영혼없더라  아메리카노 기본 중 기본 아닌가?  빵도 진짜 걍 보통맛. 커피에 너무 실망 했음 걍 샷 하나에 물 겁나 많이 탄 맛 돈 드럽게 아깝더라 원두 드럽게 싼거 쓰나봄. 향 풍미 아무것도 안느껴짐
4,커피맛좋고 빵맛나 분위기 좋아
4,"분위기, 디테일 좋더만... 앉아서 일 할 분위기는 아니고 인스타용."
1,지인께서 지난 금요일 어니언에서 빵먹고  생에 최고로 심하게 체했다 하시네요.  혹시 다른 분도 반복되지 않도록  적어둡니다
3,"가야는 이유 : 빵이라면 메이커라 할 수 잇는 브레드05의 빵, 빵 종류가 많다, 커피맛이 기본 이상 안가는 이유 : 베이커리카페에서 자리 없는건 정말 난감한 상황을 만든다  핫하다는 팡도르는 그리 추천하지 않는다"
4,"+팡도르, 마차라떼 팡도르 달긴 하지만 식감이 좋고 마차라떼 진하고 맛있다. "
4,팡도르에 반하다
4,"+팡도르, 마차라떼 팡도르 달긴 하지만 식감이 좋고 마차라떼 진하고 맛있다. "
4,팡도르에 반하다
4,"+팡도르, 마차라떼 팡도르 달긴 하지만 식감이 좋고 마차라떼 진하고 맛있다. "
4,팡도르에 반하다
