score,review
2,녹차 메뉴가 다양할뿐 맛이 특별하지는 않습니다 빵은 건조하고 퍽퍽해서 맛이 없어요 재방문 의사는 없습니다~
5,깔끔하고 분위기도 넘 좋아요!! 말차기계 돌아가는거 신기하네요
3,말차 맛있음. 의자는 불편함. 분위기는 좋음. 차 섞는 기계 보는게 재밌음
4,음료는 맛있었는데 솔직히 저 빵은 글쎄요.. 별로였슴니다
5,선곡 좋아요~~~ 사람 많아요~~~ 초록초록해요~~
2,음료두 별루고 케이크는 거의 가루에용 ㅎㅎ 완전 바스러지구 푸석푸석 재방문의사 없어요
4,말차 라떼가 되게 진하고 깊어서 맛있어요! 로봇이 말차 청? 같은걸 만들어주는데 구경하는 재미가 있었습니다. 9시에 닫아서 테이크아웃 하느라 디저트를 못 먹어서 조금 슬펐네용.
3,평일이라 그런지 사람이 많지 않아 좋았어요 맛은 무난한 녹차라떼ㅎㅎ
4,깔끔한 맛
4,"맷차 같은 트레디셔널한 느낌의 말차라기보단, PNW 일대에서 흔히 접하는 아시안 퓨전 느낌입니다. 피나콜라다나 코코넛 등 다양한 향과의 콜라보가 어색함 없이 잘 어울리고, 감미료에 스테비아를 쓰는 것도 마음에 드네요."
4,몇번먹어도 맛있고 실내도 깔끔하네요
5,말차 콜드브루가 난 괜찮은딩 라떼도 괜찮구 분위기도 모던하고 음악도 괜찮구 괜찮은데
5,엄청 맛있어보이는 디저트 전부 비건이고 음료도 너뮤 맛있어요!
3,꾸덕한 말차는 어디에 있을까. 음료는 밍밍했지만 분위기 하나는 좋다.
2,"슈퍼말차랑 코코아말차 먹었는데 둘다 밍밍하게 느껴졌어요ㅠㅠ 의자에는 다 등받이가 없어서 불편했슴다,, 식물들이랑 인테리어가 이쁘긴 했는데 초큼 아쉬웠어요,,"
5,분위기도 좋고 말차도 좋고 ㅎㅎ
4,코코넛 말차 어쩌구 늠 맛있었어요 코코넛 씹는 맛도 넘 좋고... 얼그레이 어쩌구는 별로여찌만ㅜㅜ 녹차 덕후 초록색 덕후라 있는 내내 행복해씀다...
4,인테리어랑 분위기가 깔끔하고 너무 좋았어요! 통유리라 채광도 잘 들어서 좋았고 재방문의사 있습니다 ㅎㅎ
5,말차 맛집이네요!! 특히 저 단호박 올라간 뭐시기..... 저게 진짜 맛있어요ㅠㅠㅠㅠㅠㅠ 콜드브루는 비추천이여
4,Matcha to go
5,최고
4,모던한 느낌의 요즘 카페. 말차 맛은 좋음. 
5,너무 맛있었어요 
3,"뭐 맛도 괜찮고 좋은데 바로 옆 고기굽는 냄새, 시끌벅적 그게 점수 다 깍아 먹었어요. 예전에 갔던지라 지금도 그런지 모르겠지만.. 자리 여유 있으면 가보시는 것도 나쁘지 않습니다."
5,매일 가고픈곳
5,바나나 케이크 맛있음~~!! 말차라떼도 쌉싸름하고 달지않고 딱 내취향으로 좋았음!
4,"컨셉도 아기자기하게 귀엽고 넓고 쾌적했어요. 공간이 좀 넓고 천장이 높다보니까 말소리가 울리긴 하는데 말소리 크기를 주의하면 될거같아요. 평소에 녹차,말차 종류 굉장히 좋아하는데 다음에 기회가 된다면 다시 방문하고 싶어요."
5,말차라떼가 당길 때 마다 가는 곳! 적당히 달고 맛있다!
5,양이 개인적으로 약간 아쉬울 뻔했는데도 맛이 워낙 있어서 ㅎㅎ 너무 달지도 쓰지도 않은 말차의 매력에 만족스러웠어요.
3,인스타 감성 카페로 음료는 고급맛이지만 덜 달다 ㅠㅠ 오설록 가고싶당. 자리가 불편해서 오래 있기 힘듦
3,내부는 부산스럽지만 음료가 자극적인 단맛이 아니라 좋았습니다. 주문한 음료가 잘못나왔지만 친절하게 응대해주시고 다시 만들어주셨어요 :) 
3,그냥 평범한 녹차라떼 맛이랑 비슷해요~ 그런데 만드는 과정이 신기하긴하네요!
3,both the matcha and cake were somewhat lacking in sweetness—but still pretty good considering i didn’t find out until afterwards that everything was sugar-free!
1,인테리어는 인스타 감성이긴 한데 정작 음료맛은 물음표.
5,자주 가는 곳이에요. 말차 좋아하는 사람에게 강추합니다!
2,걍 그랬움..
3,기계 보는 재미 음료 맛은 글쎄
5,일단 말차 말아주는 로봇이 제일 신기했다. 심지어 헹구고 묻은 물 탈탈 털기까지!ㅎㅎ 인테리어는 돌과 쇠로 했는데 참 분위기 있고 좋다. 야외 좌석도 요새 앉아 있기에 참 상쾌하고 좋더라. 말차는 특유의 쓴 맛이 텁텁하지 않게 적절하게 단 맛을 첨가했음. 다만 디저트는 비건푸드 지향이라 그런지 좀 많이 별로.....
4,"디저트가 달지 않아 좋았음, 건강한 음료, 디저트"
4,개인적으로 슈퍼말차(오리지널)이 제일 맛있었어요
3,말차라떼 맛은 괜찮은데 평범했어요
5,굿굿 심플하고 맛나고 특히 오봇이 조리해주눈게 신기했어요 종종 들르게요~~~ 말차향도 진해서조아요
4,"인테리어에 신경쓴게 느껴졌고, 말차 자체가 안달아서 입이 찝찝하지 않았어요. 공간이 조금 아쉬웠음ㅠ"
5,맛있었어요.
4,와하 음료 만들때 말차 가루 풀어주는 기계가 넘 신기해요 맛은 괜찮은 편이에요 공간 예뻐요!
4,음료만 드셔요
4,"주말 오후에 성수 카페 자리잡기 하늘의 별따기ㅋ슈퍼말차는 넉넉한 좌석, 쾌적한 공간, 콘센트까지 완벽. 모던한 분위기, 로봇이 만들어주는 말차도 재밌고 가게 이름인만큼 대부분 말차라떼 먹는 분위기. 말차를 좋아하는 분들이 한 번쯤 가기 좋은 곳이네요. 단, 프렌차이즈 커피점과 비교했을 때 가격 대비 어마어마한 양은 아닙니다. "
4,로봇이 만들어주는 말차. 현대적인 느낌으로 해석한 말차와 그에 어울리는 디테일한 공간이 재미있었다 :) 
5,그랜드 말차 추천 맛있음
3,기계가 만들어주는 재밌는 곳. 맛은 평범합니다. 
4,로봇이 만들어주는 말차. 현대적인 느낌으로 해석한 말차와 그에 어울리는 디테일한 공간이 재미있었다 :) 
5,그랜드 말차 추천 맛있음
3,기계가 만들어주는 재밌는 곳. 맛은 평범합니다. 
