score,review
3,"직원분들이 친절하고, 가게가 예쁘고 깨끗하고, 퀸아망이 바삭하고 맛있어요 오늘 방문한 시간이 아깝지 않았네요  +처음 갔을 땐 만족했었는데.. 다음에 갔을 땐 음료 주문하려니까 아 좀 기다리세요 이러고ㅋㅋㅋㅠㅠ 바닐라랑 초코 포장 분명 헷갈릴 것 같아서 말씀드리려는데 제대로 넣었어요~~ 뚝 말 자르고ㅠㅠ 집 가서 보니까 진짜 초코랑 바닐라 반대로 주셨더라고..."
5,말차 덕후로서 말차퀸아망 맛있게 먹었음.로이스 말차맛 초코렛 좋아하면 무조건 좋아할맛 갠적으로 롤시리즈들은 입맛에 굉장히 아쉬웠고(크림이 좀 적고 싱거워요. 더 크림듬뿍 달았으면 좋겠습니다..) 말차 퀸아망은 맛있었음
3,맛있긴 한데 그렇게 줄서면서까지..?
4,다이어트중이라 그런지 퀸아망 시나몬롤 둘다 맛있었음 근데 빵 두개샀는데 카페이용시 1인1음료라서 별4개
1,혹시 알바생 화났나요?
3,"빵맛 쏘쏘, 2층은 너무 소란스러워요!"
3,맛이.... 걍 그런데...
1,맛없음. 퀸아망 6개 포장해왔는데 두입 베어먹고 다 버림.  빵은 차마 페이스트리라고 말할 수 없을 정도로 버터 풍미가 없음. 크림은 미끌거리는 감촉이 불쾌함.  전반적으로 식물성 유지의 쌈마이한 맛이 났음. 인터넷에서 성분표 찾아보니 실제로 가공버터 들어감.(가공버터=유지방 함유된 마가린)  왜 맛집이라고 불리는지 이해X 얼탱X
2,빵이나 커피는 만족스러운데 시스템은 별로예요 그냥 빵 음료 골라서 계산하고 주면 될텐데 빵은 베이커리는 담당하는 사람한테 말해야하고(자리에 없으면 올때까지 기다려야함) 계산하는 직원이 빵 받으면 음료와 함께 계산해주더라구요.  줄도 여기서라 뒤로 가라 좀 터무니 없고 틱틱거리는 말투들이라 참 불쾌했어요 음료는 지하에서 받아가야하고 테이블도 넘 더러워요 이런...
3,맛은 보통이었다.네가 많이 기대해서 그런가??다 못 먹어서 남은 것을 싸달라고 했더니 다른 직원분이랑 비웃고 “이렇게 조금만 남았는데도 ” 이런 느낌.  기분이 안 좋았어요..
4,빵 맛있어서 나중에 하나더 시켰었어요!! 맛있어요요용!!!! 로투스 맛있어요 빵 자체도 부드럽고 쫄깃해용 커피는 원두 선택 할수 있고 좋네용  1번째 디저트 맛있어요 근데 크림양이 살짝 부족한것 같았지만
4,사람없을때 가서그런가 괜찮았음 맛도 
1,맛도 없고 매장 매니저도 심각하게 불친절 함  세상에 맛있는 맛집 많고 친절하신 사장님도 많습니다  도대체 여기가 뭐로 유명해졌는지는 모르겠지만 맛도 없고 불친절한 태도로 하루에 2번 기분 망치게 하는 대단한 카페 인스타 믿지 마세요...
3,맛은 없지만 이쁜 카페ㅎ 사진찍고 놀려는게 주목적인 사람한텐 추천
1,진짜 서울숲 뚝섬 이쪽 오는 사람 중 이 가게 가는 사람 없었음 좋겠음 맛도 없고 가격도 비싸고 서비스 기대하지 말고 돈쓰고 기분나쁘고 싶은 사람만 가길
1,평점 안 좋은데는 이유가 있어요 ㅜ 기본적인 서비스가 안되어있음...
5,바나나롤케익 먹었는데 너무 맛있어요-! 늦은 시간에 방문해서 그런가 웨이팅 없었고 포장해서 먹었어요. 만족도 최상임… 다른맛 도 먹어보고 싶네욤ㅎㅎㅎ 
1,진짜 빛좋은 개살구 ㅋㅋㅋㅋㅋㅋㅋㅋ빵순인데 맛 진짜 없고 지하1층 여자알바 불친절
1,인스타에서 핫하길래 갔는데 대체 왜 핫한지 이해불가. 이 가격에 빵과 음료 먹을바엔 글쎄;; 테이블도 정리 안되어있음. 진동벨이 모자란건지 직원들이 분주해보임.
4,건물 내외부 이쁨  퀸아망이랑 롤케이크빵도 다 이쁘고 맛있었지만 어어엄청 감동적이다 이런 맛은 아님 다른 맛 롤케이크 먹으러 재방문의사 있음 디카페인커피는 산미가 있음
1,너무 달고 크림은 미끌거리기만함 진짜 대실망.. 맛없고 사람만 많음
3,맛있어요 바삭하고 느끼하지않아요 근데 파 썰은 칼로 딸기 썰었나봐요 딸기에서 파맛나요
1,앞사람이 양보해줘서 앞에 갔더니 줄 다시서라고 하시네요. 키작은 음료주문 여자직원분이 실수는 아닌데 대응이 마이너스네요. 서비스교육이 필요합니다. 나머지는 분들 다 괜찮아요
1,아 직원분들이 너무 ...ㅋㅋ 친절하신분도 한두분 계신데 진짜 겁나 띠꺼움 엄청 바쁜시간대에 간것도 아니고 평일이었는데 진짜 주문하는데 죄짓는줄 후기 이제 보니까 불친절하다는 말 쫌 있네요ㅋㅋㅋ 이거 봤으면 안왔을텐데.. 와보고싶었던곳 중 하나로 저장해둔곳이라 왔더니ㅋㅋㅋ 당연히 모두가 그러신건 아닙니다만 몇몇 후기를 봤음에도 똑같다는건.. 그냥 아무 신경...
3,분명 피칸 시나몬롤이라 했는데 왜 딸기가 있죠 ㅠ 하.. 선물 보냈는데 선물보낸집에 피칸시나몬 2개가고 저한테 딸기가 있네요.. 제가 시나몬 먹고 딸기를 선물보내려한건데.. 아무리 정신없어도 포장실수는 아닌것 같습ㄴ다..
4,음 주문 시스템이 조금 불편하긴하네요.
1,완전 불친절에 매니저인지 잘 몰라하면 개무시. 커피는 왜 지하에서 받아서 2층까지 손수 들고 가야하지? 음식용 승강기도 있던데. 커피 다 흘리고. 초심 잃은 곳
3,디저트 비쥬얼은 인스타각 당충전 이상 맛을 기대한다면 조금 실망할듯 주말은 웨이팅 있음 1층 디저트 지하1층 음료 따로 받으러가야되서 조금 불편. 개방감있는 자리를 원한다면 2층 추천
5,전 만족합니다
2,시나몬롤은 시나본이 더 맛있고 퀸아망은 비파티세리가 맛있다..뭔가 외관은 예쁘고 꾸덕져보이는데 맛은 어중간함
1,그냥 그런맛  별 하나는 알바 입구 직원이 너무친절함 2층에서 지하로 커피 받으러가고 빵크림 느끼함 맛있게 보임 그러나 분위기임 접시한번 그리고 나오는값?  한 번 간걸로만족임
4,버터 밀크 시나몬롤 맛있었고 음료는 그냥 그랬어용 2층에 자리 잡고 1층에서 주문하고 2층 다시 올라갔다가 지하에서 음료 픽업하고 또 2층갔다가 지하로 반납하는 ... 게 너무 불편하다고 생각했어요 사람도 복작복작 많은 편이라 정신 사나운 느낌이 들었어요 (웨이팅 있었음) 
4,그릇 꾸미기가 잼써요
4,포장 이용했는데 직원분 정말 친절히 메뉴들 설명해주셨습니다. 맛은 의외로 예상과는 다른 점들이 많았음. 기본적으로 많이 단데 의외로 가장 달아보이던 메뉴는 또 적당하고. 음료와 매장 내 좌석은 안 가봐서 모르겠네요
1,"불친절을 넘어서 불쾌한 응대, 메뉴 누락실수, 맛도 그닥"
2,"22.01.13 접시 데코하는건 재밌는데 그냥 그거 하는 값인것같아요. 퀸아망 정말 실망이었고 시나몬롤도 그냥 그랬어요. 아메리카노는 좀 연한 느낌? 얼그레이 퀸아망- 엄청 딱딱해요. 과자나 쿠키같은 느낌? 어우러지는 맛을 전혀 못느꼈어요 딸기 시나몬롤- 그냥 보이는 그대로의 맛이에요. 생크림케이크와 딸기맛, 약간의 시나몬맛"
5,예쁘고 특이해서 좋아요 가격이 초큼 나간다는 것 빼고 한 번 쯤 가볼 만한 맛과 분위기 입니다
4,퀸아망을 처음 접해보는 사람으로써 꽤 맛있었습니다.. 아메리카노하고 궁합이 좋네요. 먹을때 좀 지저분하고 못생겨져서 테이크아웃을 추천합니다
2,정신없고 사람은 많은데 맛이 별로임
3,경험해봤으니깐 만족이에요 근데 진짜 달아요 깜짝 놀랐어
3,파티셰리에서 먹는 퀸아망 생각하면 안됨  약간 미국쇼핑아울렛? 같은데서 먹는 만든지 오래되고 바작바작한 느낌의 퀸아망 풍미살리고 그런거전혀없음  그리고 진짜달다.... 진짜.. 
3,맛 무난쓰해요
3,인스타용이라 생각해서 기대치가 굉장히 낮았던 거에 비하면 평타 친 디저트 맛. 음료는 별로. 퀸아망이 상당히 단 편. 불친절 얘기가 많은데 친절하진 않지만 그렇다고 불친절하진 않은 거 같음. 그냥 기계적인 태도.
5,접시에 그림그리는거 존잼이에요 그리고 빵이 미친듯이 촉촉해요
2,역시 인스타로 홍보하는 곳은 믿고 걸러야.. 앵무새 캐릭터 귀여운거 빼면 다 별로 ㅋ
2,배송으로 받았는데요.. 솔직히 말해서 명성에 비해 정말 실망스러운 맛이에요 제 입맛 까다로운 편도 아닌데 먹자마자 크림도 느글거리는 크림 사용하시고 풍미도 없고 겉에 코팅도 싼 초콜릿 맛... 제가 받은 것만 운 없게 그런 거라고 믿고 싶을 정도로 기대했던 만큼 실망스러웠던.. ㅠㅠ 다른 베이커리류는 안 그러길 기대하지만 저는 재주문 없을 거 같아요 시그니...
5,불친절하다는 후기를 너무 많이 본거 치곤 두 번 방문하면서 한 번도 그런 느낌 받은 적은 없었음! 둘 다 포장이라 오래 머물지 않고 금방 나와서 그런걸수도 있는데 항상 가기 전에 재고 얼마나 남았나 전화하고 가는데 전화로도 친절했던 곳 퀸아망이랑 다른 디저트도 맛있어서 성수 갈때마다 포장 해오는 디저트!!
1,사람도 없는데 일부러 밖에 줄 세움. 마케팅수작 너무 티나서 별로 좋아보이진 않아요.
1,"여 점원 불친절, 틱틱하는 말투, 째려보는 눈빛. "
2,너무 달고 불친절해요
1,"앰프 좀 고치시길,, 너무 웅웅거림,,"
4,달고달고단데 맛나요  퀸아망은 오후늦게가면 품절. 시나몬롤만남아있음
5,"얼그레이 퀸아망, 바나나 롤케익!! 오픈 때부터 꾸준히 포장해오는 곳!  너무 핫해서 매장 내에서 먹기는 좀 시끄럽고, 자리가 불편하고.. 포장해서 서울숲가서 여유롭게 드세요 :)"
1,"직원들이 계산 실수 잘못하고, 분할결제하고 기억도 못하면서 손님들하테 책임넘기고 마치 제가 실수한것처럼 하네요. "
5,핫플이라 자리 잡기 힘들었어요 디저트 많이 달지만 맛있어요 음료 가격은 넘 비싸요
2,주문이 많아 정신없는건 알겠지만 콜체크인이나 큐알체크인이 제대로 이루어지고있지 않았습니다. 채광창은 있으나 통풍창은 없어 불안했네요. 메뉴는 맛있었습니다. 다음엔 택배로 시켜먹을거예요ㅜ
1,왜 인기가 많은지 ... 서비스와 불친절 정말 할말이없네요.. 휴 ..
1,"죄송하지만 직원 불친절, 서비스 별로, 전반적인 경험 별로라서 1개도 아깝네요.  음료 1인당 1개 시켜야하더라고요 핫플이라고 해서 갔는데 암튼 이만 줄일게요"
5,"일단 디저트 종류가 아주 많았고, 음료나 디저트나 다 맛있었습니다~  퀸아망이 아쉽게도 없어서 시나몬롤 먹었는데 꾸덕하고 맛났습니다 :) "
3,직원분들이 너무 바빠보엿음 그래도 재미잇는 공간 +밀크티 맛은 읭? 하는 맛 
1,"The signature thing here are the cinnamon buns, but even if your group orders baked goods, everyone must also order one of their overpriced drinks to sit down. Hate these kinds of tactics. And if you'..."
5,"장점: 1. 포토존 많음 2. 칼라풀하고 앵무새그림이 너무 귀여움! 3. 시나몬롤도 꽤 맛있음. 종류가 다양함 4. 접시에 마커로 그림그릴수 있어서 재밌음  단점: 1. 주문은 1층, 얼음컵은 B1층에서 받는거라 2층에 자리를 잡는다면 계단을 왔다갔다 최소 2~3번씩은 해야됨  그래도 사진 많이 남기고 왔어용!!"
3,앙버터 퀸아망 jmt 다른케잌류는 ㅂㄹ.. 민트초코는 너무 밍숭맹숭해서 먹다 남겼고 초코시나몬롤은 걍 평범했다 줄 서서 먹을 정도x 퀸아망만 먹을듯
3,퀸아망 너무 맛있고 카페 예쁘고 시원하고 매장도 넓어서 좋았어요 근데 훨씬 늦게 온 포장고객이 먼저 들어가서 퀸아망 다 구매하면 취식고객은 오래 기다려도 퀸아망을 먹지 못해요 이게 너무너무 별로 빵이 얼마 없음 먼저 말해주는 게 낫지 않을까요 그랬음 퀸아망 포장이라고 했을텐데 ㅠ
3,너무너무달아요..약간 투머치 느낌 ㅜ
3,디저트는 맛있는데 음료가 너무 비쌈
4,디저트가 독특하구! 웨이팅이 있어도 금방 들어갔어요!!
4,취저!
1,포장에 돈을 더 내다니..
2,시나몬롤과 커피는 맛있습니다. 다른분들이 쓰신대로 일관된 불쾌감을 선사해주시는 직원분이 있어서 기분이 매우 안좋았습니다. 카페에 처음온 사람에게 응대하는방법이 잘못되신듯합니다...카페이용은 안할거같아요 빵만 먹고싶으면 포장해올래요.
4,한번쯤 가볼만한 인스타감성카페
3,"카카오맵 평점이 괜찮아서 가본 카페입니다.   토요일 점심에 가서인지 사람이 많아서 앉지 않고 포장만 해왔습니다. 자리가 다닥다닥 붙어있어서 웨이팅까지 해서 앉고 싶지는 앉았어요.   버터 시나몬 크림 케이크?, 케이니 아만, 레드벨벳 파운드 케이크를 맛보았는데 설탕을 들이부은 것 같은 미쿡식 달콤함을 좋아하시는 분들은 괜찮으실 듯. 에센스나 향은 부족합니..."
2,핫플이라 그냥 방문 달기만한빵들 딱딱한의자 서비스시스템이 특이함  내느낌은 사진찍고인스타에올리기좋은 그런곳임 
1,포장에 돈을 더 내다니..
2,시나몬롤과 커피는 맛있습니다. 다른분들이 쓰신대로 일관된 불쾌감을 선사해주시는 직원분이 있어서 기분이 매우 안좋았습니다. 카페에 처음온 사람에게 응대하는방법이 잘못되신듯합니다...카페이용은 안할거같아요 빵만 먹고싶으면 포장해올래요.
4,한번쯤 가볼만한 인스타감성카페
3,"카카오맵 평점이 괜찮아서 가본 카페입니다.   토요일 점심에 가서인지 사람이 많아서 앉지 않고 포장만 해왔습니다. 자리가 다닥다닥 붙어있어서 웨이팅까지 해서 앉고 싶지는 앉았어요.   버터 시나몬 크림 케이크?, 케이니 아만, 레드벨벳 파운드 케이크를 맛보았는데 설탕을 들이부은 것 같은 미쿡식 달콤함을 좋아하시는 분들은 괜찮으실 듯. 에센스나 향은 부족합니..."
2,핫플이라 그냥 방문 달기만한빵들 딱딱한의자 서비스시스템이 특이함  내느낌은 사진찍고인스타에올리기좋은 그런곳임 
5,색다른 카페 맛도 좋고 친절해요
5,레몬 파운드 존맛
3,맛있는데 비싸고 웨이팅 너무길어요!!! 사진상 왼쪽꺼는 무난한맛인데 크림이 뭐랄까 쫀딕한 동물성크림 느낌이고 빵도 부드러움 오른쪽은 얼그레이퀸아망인데 개인적으로 버터크림 있는 부분은 조금 느끼했음!!
5,디저트 존맛탱 디저트 집에 포장해가고싶어요
4,괜찮아요 3번째 방문함
5,"분위기, 맛 모두 좋아요. 재방문 할께요~~^^"
2,가성비는 괜찮은데 빵러버로써 특별한 맛인지는 모르겠습니다. 내외부 디자인이나 접시 커스텀의 재미요소는 좋았습니다. 웨이팅은 하고싶지 않네요. 서울라떼 좋아요. 
2,똑같은 생지에 걍 토핑만 이것저것 다르게 해놓은 베리커리류. 글타고 생지자체가 맛있는 빵인가 하면...ㅎ...글쎄요 그냥저냥입니다. 딱 비쥬얼로 먹는 수준을 벗어나지않는 맛이에요. 특히 나이프로 썰으려다가 너무 단단해서 당황스러웠던 퀸아망이 정말 인상적이었습니다. 바삭바삭을 넘어서 와작와작 으적으적한 식감..... 음식맛에 너그러운편이라 맛없다고 할정도는 ...
5,매장 커스텀이 매력적인곳!
5,피칸시나몬롤 안먹고 가면 호구인증입니데이... 
5,접시도 꾸밀 수 있고 분위기 자체도 예쁘고 무엇보다 베이커리랑 커피 맛이 좋습니다 ^^!
5,가오픈한 사진만 보았지만 즉 아직 가보지도 못했지만(곧 가볼예정) 성수에 핫플이 될꺼라 믿어 의심치 않습니다. 렛츠고!!!
