score,review
5,쌀케이크는 처음 먹어보는 거였는데 너무 맛있었어요! 완전 입에서 살살 녹음.. 단 거 안 좋아하시는 분들도 맛있게 드실 수 있을 것 같아요!
5,맛있어요
4,"저 딸기설기 진짜 넘 맛있음. 여긴 커피양도 다른곳에 비해 넉넉하게주고 좋음. 근데, 좌석이 별로 없어서 아쉬움"
5,"자주감 다쿠아즈,케이크 둘다 존맛"
5,빵이 진짜 맛있네요 ㅠㅜ 케이크 존맛
5,아메리카노 진하고 마카롱은 쫀득하면서 적당히 달아서 같이먹으니 참 좋았어요
5,쌀케이크 중에는 최고.다만 인스타의 메뉴는 절대 믿지 말 것. 워낙 대충 써서 항상 틀리고 본인들이 틀린 것도 모른다.
3,"따뜻한 카페라떼, 요근래 마셔본 커피 중 최악... 너무 쓰고, 우유 스팀을 너무 못하셨어요. 테이크 아웃 잔 들자마자 이 무게가 아닐텐데? 싶었는데 역시나 뚜껑 열어보니 우유와 거품이 분리되어 우유 반 거품 반. 라떼 아트까지 바란건 아니지만 요새 기본적으로 못생긴 하트나마 나오던데... 5000원 아까웠습니다. 백설기 케익은 한번쯤 먹어볼만 했습니다."
4,쌀케이크 식감이 독특하고 맛있네요 다만 사고 하루만에 먹는 걸 추천합니다 하루 지나면 눅눅해지더라고요
3,카페 내부 인테리어는 오래된 가정주택 개조한 느낌이고 아기자기하고 재밋어요 미니박물관에 온거 같기두 한데 자리는 많이 없고 협소합니다 베이커리류 몇개 사서 먹엇는데 쌀로 만든 빵이라 그런지 많이 맛잇다는 느낌은 없엇음 그래두 먹을만은 해요 가격도 적당하고
2,소소하게 이름 그대로 그냥 쏘쏘하게! 소소하게보다 느끼하게가 어울리는 곳. 다쿠와즈 먹고 뱉어보긴 처음이에요. 피칸 견과류 묵은 냄새와 불량식품 크림맛! 얼그레이케이크는 백설기케이크에 얼그레이의 가면 썼을 정도로 향과 맛이 아쉬웠어요. 입안에서 쌀케이크와 생크림이 따로 논다 호지방 궁금증 자아냈는디 으 그냥 달다 니글니글 단호박치즈케이크를 먹어볼 걸... ...
3,커피맛은 음 그냥 저냥이에요 맛이 없는편 ㅠ 케이크는 가격이 좀 쎄네요. 떡도 식감과 맛이 있는데 쌀케이크는 두종류 먹어봤는데도 너무 심심한 맛이었어요 살내 인테리어는 너무 이쁜데 한겨울엔 창가쪽 찬바람이 좀 들어와서 발시려웠구요 만석이면 한시간 반 제한 입니다.
5,맛있는 쌀케이크!
3,웨딩피티아이스티? 절대 먹지 마세요 세상 진짜 맹물이 차라리 낫고 가격은 더럽게 비싸고.... 에이드 드세요 진짜 인생 최악의 음료  하지만 케이크랑 분위기는 좋아서 평점 중간 ..... 하지만 가격은 사악함 
5,케익 어떻게 이렇게 촉촉해요..? 짱맛…
5,내 사랑 소소하게.. 설기 시리즈는 다 맛있다. 꼬숩한 할매입맛 취향저격하는 쌀 디저트들. 여름철 빙수도 맛있다.  (다쿠아즈는 그냥 그랬다)
5,여기 케이쿠 다 맛있다.. 부드럽고 춐촠해
2,케이크는 맛있는데 직원은 그렇지 못하네요. 불친절해요. 원래 맛있는 음식 만드는 사람은 성품도 좋은 법인데 케이크 만드는 분은 다른분인가봐요. 그냥 테이크아웃 하세요...
3,케익은 맛있는데 다쿠아즈 별로. 비싸기만 하구.. 좀 시장바닥 느낌도 있고 친절한 느낌은 못 받은거 같아요
5,충격의 얼그레이 케이크. 너무 맛있다 밀가루케이크가 배신되는 맛이다 .
3,건강한 맛. 쌀로 만들어서 그런가 밀가루의 식감과는 다르네요. 다쿠아즈는 조금 많이 단 느낌이지만 나쁘진 않아요. 커피는 별로네요. 케이크는 좋아요. 
5,"쌀케이크 특유의 버서석한 질감! 크림도, 케이크 자체도 다른 케이크들처럼 달지 않아 건강한 느낌! 케이크 안에 딸기도 많더라고요ㅎㅎ 잘먹었습니다~.~ (쌀케이크 특유의 질감때문에 한번 경험해볼만 하지만 평소 촉촉한 밀가루케이크만 좋아했다면 호불호는 많이 갈릴듯)"
1,쑥 케이크 먹었는데 디피되어 있는 걸 그대로 꺼내주시더라구요;; 크림이랑 떡에서 수분 다 날라갔을텐데... 그래서 그런지 위에 인절미는 완전 돌덩어리였어요 쑥 맛도 인절미 맛도 다 안느껴지고 비추합니다 왤케 평이 높은지 모르겠네요
5,정말 미친맛의 쌀베이커리.. 떡 같은거 많이 안좋아하는데 밀로 만든 케이크보다 훨 맛있어요. 강추강추합니다 ~! 사진에서 흰색 케이크 진짜 맛있었어요(이름 까먹음)
2,쌀케이크랑 단호박케이크 맛있음. 밀크티 홍차향 하나도 안나고 설탕 탄 우유맛이 남.  두입정도 마시고 다 버렸음 싸지도 않은데...내돈... 
3,Rice Cake
3,좋아요
5,쌀 케이크 정말 맛있었어요. 다른 곳에서 맛볼 수 없는 특별한 케이크인 듯 합니다.
5,케이크도 커피도 존맛
5,맛있음!
4,평점이 갈려서 정말 기대안하고 먹었는데 쌀케이크 밀가루보다 부담없이 먹기 좋았음 크림도 기대안했는데 맛있었음! 
4,쌀케이크 진짜 맛있음 .! 치즈호박설기 강추
3,"식빵 맛있음 다른건 그닥, 카페 분위기 괜찮음"
1,"여기서 홀케이크 절대 사지 마세요. 조카 태어난 기념으로 주문했는데, 고정핀 없어 조심히 들라해서 그렇게 들었는데도 처참하게 뭉게졌어요. 비닐백에 넣어주는데 비닐백과 사이즈 미묘하게 안맞아 살짝 기울길래 차라리 케이크박스 손잡이 드는게 나을 것 같아서, 가게 나온지 10분 후에 손잡이로 들면서 손잡이 사이 비닐로 케이크를 확인했는데 처참하네요 ㅎㅎㅎㅎ 그냥..."
1,커피도 케이크도 나쁘지 않은 정도인데 웨이팅 40분만에 들어가서 앉았는데 옆테이블이랑 거의 동석에 가까운.. 카페가 분위기가 좋은 것도 아니라  가실 분들은 차라리 테이크아웃 하셔서 서울숲 가서 드시는게 더 나을 듯
3,케이크 쏘쏘 딸기우유 맛있음
1,가게 이전 전에 방문햇을때랑 비교해서 맛이 너무 변했습니다 다큐아즈류는 전부 느끼해져 버렷고 케익류 또한 싼맛이 많이 나는 느낌을 받았습니다 커피는 기존에 비해 확실히 실망스러운 수준이었구요  홀 관리가 되지 않아 너무 부산한 느낌이 많이들고 앉아 있는데 산만하면서 불편하게 자꾸 다른손님들이 들락날락거리는게 썩 좋지는 않더군요  재방문의사는 전혀없으며 다른...
5,깊고 진한 우유와 포슬포슬한 식감이 너무 잘 어울렸어요 짱 맛있어요 !!!
5,케이크 쌀로만들었다는데 모르겠어요 그냥케이크같이 맛있고 친절하고 분위기 좋았습니다 또올게요
1,"친구 추천으로 홀케익 예약 했었는데 주문이 너무 많아서 예약금 확인 체크 안되어서 준비가 안되어있다네요^_^.... 중요한 날 중요한 일로 케익 준비는 하면 안될 듯 합니다. 바쁜 시간 쪼개서 픽업하러 갔는데 준비안되어있고 예약금만 내주고 케익은 못받았네요. 하하... 다시는 안갈 것 같고, 지인들에게 추천안합니다. 중요한 일엔 주문하지 않는게 안전 할 듯..."
4,백설기 케이크 인가 먹었는데 퓨어한맛 폭신하노 부드러운 스타일 어른들이 좋아할 인위적이지 않은 단맛이 좋았어요
5,글루텐프리라서 좋아요~
2,밀가루가 아닌 쌀가루로 만튼 빵과 케이크 건강엔 어쩔지 모르지만 전 그냥 밀이 맛있네요ㅋ 빙수시키실거면 그냥 기본 빙수 시키세요 흑임자빙수 별로였고 빙수 안에 견과류도 묵은맛 크림은 느끼하고 단맛이 덜한데도 금방 물렸음 쌀식빵은 3시쯤 솔드아웃 된것 같고 홀케이크 포장손님도 많았음 재방문의사 제로
3,분위기랑 베이커리류 맛 좋아요 다만 뽑는 사람에 따라 다른건지 커피는 그날그날 너무 다르네요.. 차라리 커피 메뉴 빼고 차 종류만 파는게 나을지도 벤티?같은 맛 아아 먹고 너무 실망이 커요..
4,"신상 빙수와 다쿠아즈 맛봄. 빙수 맛있었는데 팥은 알아 살아있어서 좋았으나 개인적으로는 당도가 높아서 아쉬웠음(흡사 통조림 팥같은느낌. 좀 달다)  다쿠아즈도 맛있었고 빙수위에 올라간 콩설기 케익은 쌀케이크라고 믿기지 않는 부드러운 식감과 고소함, 과하지 않은 적당하고 담백한 당도가 좋았음. 다른 종류의 케익 먹어보고 싶다는 생각 듬. 특히 어른들이 좋아하..."
5,케이크...넘마시따.......
2,평범해요~~ 조금 느끼했음~
2,밀가루가 아닌 쌀가루로 만튼 빵과 케이크 건강엔 어쩔지 모르지만 전 그냥 밀이 맛있네요ㅋ 빙수시키실거면 그냥 기본 빙수 시키세요 흑임자빙수 별로였고 빙수 안에 견과류도 묵은맛 크림은 느끼하고 단맛이 덜한데도 금방 물렸음 쌀식빵은 3시쯤 솔드아웃 된것 같고 홀케이크 포장손님도 많았음 재방문의사 제로
3,분위기랑 베이커리류 맛 좋아요 다만 뽑는 사람에 따라 다른건지 커피는 그날그날 너무 다르네요.. 차라리 커피 메뉴 빼고 차 종류만 파는게 나을지도 벤티?같은 맛 아아 먹고 너무 실망이 커요..
4,"신상 빙수와 다쿠아즈 맛봄. 빙수 맛있었는데 팥은 알아 살아있어서 좋았으나 개인적으로는 당도가 높아서 아쉬웠음(흡사 통조림 팥같은느낌. 좀 달다)  다쿠아즈도 맛있었고 빙수위에 올라간 콩설기 케익은 쌀케이크라고 믿기지 않는 부드러운 식감과 고소함, 과하지 않은 적당하고 담백한 당도가 좋았음. 다른 종류의 케익 먹어보고 싶다는 생각 듬. 특히 어른들이 좋아하..."
5,케이크...넘마시따.......
2,평범해요~~ 조금 느끼했음~
