score,review
1,불친절하고 7시쯤 음식 마감
1,"불친절, 주문받을때 말투가 위협적이고 무서웠어요. 바깥자리 앉았는데 호스로 바닥에 물뿌려서 먼지 풀풀날리고.. 얘기하니까 들은척도 안하고 계속하더군요.. 다신 안올듯합니다"
3,딱딱한 의자에 사람도 너무많고 ㅠㅠ 
5,직원들은 그냥 사무적이에요 친절할 것도 없고 불친절한 것도 아님 그래도 성수동 이 자리에 이 정도 오픈 된 공간이면 불만 없음
5,빵카펜줄 알았는데 아니었던 ㅠ  화덕피자 먹으러 한번 더 가볼 듯 자리 넓음
4,자리 넓어서 좋아요! 사진 맛집 ! 케익 맛집
3,리뷰보고 한라봉에이드 시켰는데 맛이없는건 아닌데 그렇다고 특별하지도 않습니다 그냥 탄산이 센 오렌지주스같고 얼음이 80%..몇입 마시면 끝임 아인슈페너가 두가지있길래 뭐가다른지 설명 부탁했더니 귀찮다는듯이 설명하는 직원 불친절하고 그냥 테이블 간격넓고 카페분위기땜 별점 3개..
4,분위기가 다했다 아인슈페너 추천!! 근데 딸기라떼는 비추 ㅜㅜ
5,앉아서 생각하기 좋은 곳 다음에 또 가야지
4,가본다 하다..드뎌 가봤네요^^일단 넓고 곳곳이 포톤존입니다..커피도 맛있네요..다음에 해지고 가봐야겠어요^^
1,"넓어서 좋으나, 화장실 땜에 다신 안갈듯. 옆건물에서 훤히 보일듯 하고 냄새나고 더러움. 화장실 관리 많이 필요한 곳임. 화장실 이용 안하고 참음."
5,넓고 시설이 좋았네요
5,이런 분위기~ 갬성 너무 좋아요!  제가 대형카페를 좋아해서 그런지  너무 마음에 들었습니다 :) 백향차! 처음 마셔봤는데 진~짜 향이 좋더라구요! 애플티는 청을 가득! 넣어주셔서 달달하이~!  좋았슴니다 >_<♡
3,음식에비해 가격 너무 비싸요
1,직원들 불친절 밀크티 농도조절도 안되고 hot도 안되서 이상하다 생각했는데 병에 들어있을줄이야
4,"1) 분위기 : 기존에 폐공장을 다시 인테리어해서 넓고 쾌적하고 층고가 높아서 좋음. 시원시원하면서 인더스트리얼한 분위기 2) 맛 : 커피, 음식 모두 굿. 음식은 양이 조금 적지만 브런치나 간단하게 먹기좋음 3) 서비스 : 좋음, 밥먹은 직후나 애매하게 배고플때 가기 좋음"
4,매장이 독특하고 넓어요~ 커피도 맛있는데 식사로도 좋아요!
4,널찍하니 오래 떠들거나 할 일 하기 좋은 곳
1,"딱 둘중 하나임. 대림창고 사장님이 2호점을 만든거거나, 짝퉁으로 어설프게 돈벌고 싶어 만든 카페. 이상. "
5,"대박.... 이런 멋진 곳을 이제야 알았다. 지인과 성수동 카페 거리에서 검색하고 왔는데, 기대했던 상상 이상이다. 2층의 아나로그 앰프 앞에서 음악을 들으며 커피, 피자를 먹고, 1층으로 와서 맥주 IPA, 호가든을 주문해서 마시며, 노트북을 켜서 토론을 했다. 공장 건물을 살려 독특하고 옛 건물의 향수를 불러 일으키기에 참 좋은 곳이다. 강추..."
1,분명히 따뜻한 라떼를 시켰는데 차갑다…. 아메리카노도 미지근 ㅎㅎㅎ 
2,10시30분 까지 영업시간으로 알고갔는데  9시부터 마감됬다고 그래서 주문 못하고 나갔어요..; 다른카페들은 한창이었는데.. 
4,크고 좋습니다. 인더스트리얼 느낌 충만한 인테리어. 음료 가격이 비싸긴 한데 그만큼 충실하게 만들어요. 어정쩡한 가격에 맛도 애매한 것보단 훨씬 나아요. 
4,한라봉 에이드 진짜 상큼하고 맛있어요 밤에 갔는데 야외 진짜 요즘 같은 날씨에 너무 좋아요:)
3,매장이 넓고 나름 사진찍기도 좋은 곳. 하지만 가격이 좀 비싸고 직원분이 주문받을때 불친절하셨음.
1,토요일 저녁에 방문함. 한산했고 주문 내 앞팀까지 받고 쌩 가시더니 남자분들은 바쁘시고 좀 지나서 포스기 앞에 여성 분이 아무 말도 안하시고 와서 서계셔서 주문 되나요 물었는데 대답 아예 안하심.. 메뉴 말하니까 그제서야 손 내미시길래 카드 드리고 진동벨 받음. 한라봉 에이드는 맛있어요. 여름인데도 과육이랑 칩 넣어져있어서 9000원이지만 가격값함. 음료 ...
5,짱 조음 굿굿
5,분위기가 최고임
1,"음료에서 파리가 나왔는데, 대처가 너무 별로였어요. 파리가 언제 들어갔냐고 묻더니 파리가 들어간 음료를 자기네들끼리 보다가 '아 근데 이미 많이 드셔서 다시 해드릴 수는 없어요.' 하고 끝이었습니다 ㅋㅋㅋㅋㅋ 음료수 마시다가 얼음 밑에서 나온건데, 파리가 언제 들어갔는지를 어떻게 알죠? 음료 다시 해준다고 해도 마실 생각도 없었는데, 사과도 없고 이런 일이..."
3,아인슈페너는 별로. 크림은 짜고 커피는 셔서 융합이 안됨...
1,내부는 넓고 이뻐서 좋은데 커피는 심각하게 별로
2,콜드브루 더티 아인슈페너 제 입맛에는 맞지 않네요. 공차 밀크폼(소금으로 짠)이 올라간 아인슈페너에 컵 둘레에 초코소스 둘러져 있는데…걍 단 맛 아인슈페너 생각했다가 진짜 너무 별로에요
3,Dessert
5,이름 정말 특이하네요ㅎㅎㅎㅎ 이름과 다르에 내부에는 넓기도 하고 ~ 분위기도 편안해서 좋았어요^^
4,양은 적지만 카페도 크고 분위기가 너무 좋아요
4,사람 많지만... 넓고 각 층마다 테마가 있음 재방문 의사 있음 커피는 보통
5,너무나 가고 싶엇던 할아버지공장카페 ㅋㅋㅋ 막상 오니까 너무 좋앗다 ㅋㅋ 커피랑 디저트도 맛잇고 직원분들도 친절해서 좋앗다. 담에도 가서 먹어야겟다
1,Coming here for the 2nd time just to hear that all ice teas and watermelon juice are sold out again. Seriously? Is it too difficult to procure ingredients enough for peak hours that they run out all t...
1,"소스 떡지고 면은 퉁퉁불어서 ㅋㅋㅋㅋ 면이 끊어져서 포크에 안말아지네요 ㅋㅋㅋㅋㅋㅋ 소스에는 간을 전혀 안했나봐요,,,? 저염식 크림소스네,,,,,? 크림소스가 간은 안돼있고 아무맛 안나면 그냥 애기가 먹는 덩어리죽같은 식감이네요,,,ㅋㅋㅋㅋ 아 진짜 비싸고 맛없는 1000 칼로리였다... 이렇게 맛없는 파스타 돈받고 파는거 어이없다....ㅎ..... 피자..."
5,더티콜드브루아인슈페너란걸 시켜봤는데 이름처럼 아주 더티한것이 요즘 젊은애들은 이런걸 좋아하나봅니다 크림은 맛있고 커피는 보통 .. 팔천원짜리 아인슈패너로는 영 별루지만 장소가 아주 넓고 예쁘ㅂ니다 
2,음료를 얼음으로 다 채우고 커피는 밍밍함
3,공간은 정말 예쁜데 음료는 가격에 비해 많이 아쉬워요
4,밤에 갔는데 공간이 넓고 예쁨. 하지만 음료랑 케이크의 퀄리티는 아주 별로고 그냥 입장료라 생각해야 할 정도. 
3,주차는 3대정도 가능. 음료가 좀 비싸고 맛은 별로지만 환기잘되고 강아지들도 볼수있어 좋네요
2,커피...ㄹㅇ심각하게 맛없다.....인테리어만 좋은카페....
2,맛과 가격이 너무 실망.. 분위기와 풍경은 좋아요
2,분위기는 좋은데.. 음식은 쫌 충격적으로 맛이없네요
5,완전 넓고 쾌적해요! 콘센트 있는 자리도 간간이 있어서 공부하기도 굿
2,먹어본 아인슈패너 중에 제일.. 실망스러운 맛. 솔직히 그냥 인테리어와 분위기 맛집. 라떼도  실망요... 후..
4,사람이 많이 있더라도 공간이 굉장히 넓기때문에 괜찮음. 근데 카페라고 커피를 팔고 있으면 적어도 바리스타 1명은 상주하고 있어야 하는 게 아닌가 싶음. 따뜻한 카페라떼 시켰는데 게거품을 받을 줄 몰랐지 나는...
5,티비에 많이 나와서 궁금햇는데 나뿌지아늠 날좋을때가면 더 좋을듯
3,커피를 마시고 싶다면 스타벅스로
3,매장 넓고 분위기 좋지만 맛에 비해 가격이 비싼 편입니다
1,"직원싸가지가 없음 사장이 추구하는 방침이 같다면  말없겠지만  콘센트 꽂는곳 없어서 문의하니 저쪽보라해서 없었다고하니 ""알아서하세요""  <<이게  방문자한테 할 말인가?  아메리카노 양 시켜보면 어이없을꺼예요 아이스아메리카노에  메로나 크기의 얼음이 녹지않고 있거든요 ㅋㅋㅋ  자리값으라 가격내는거지만 좀 맛이나 양좀  이디야 양정도는 주어야 하지 않을까 십..."
4,spacious cafe. Bit pricey but alright 
3,맛있는 피자이에요..! 근데 화덕피자 만드신 남자분 매너가 없으세요 ㅠ ㅠ 
2,분위기 좋은데 가격은....
5,커피도 맛있었고 주문받는 직원분도 친절하셨어요
3,분위기 좋아요  피자랑 파스타 먹었는데 피자는 걍 그렇고 파스타는 맛있었어요! 
2,"이쁘긴한데 음식, 음료 가성비 별루"
5,넓어서 자연스레 거리두기가 되서 좋아요 할아버지 피자 맛있고 파스타들도 맛있는데 양이 많지는 않아용! 햇빛 잘 들어서 행복합니다
3,크고 예쁜 카페 오픈샌드위치 맛있었음
4,분위기가 좋으네요. 간만에 여유있는 시간 보내고 왔습니다.
2,카페 전반적인 분위기는 괜찮은데 커피는 맛없어요
4,너무 비싸요 그냥 사진찌그러가면 ㄱㅊ
4,공간 넓어서 좋아요
1,직원인지 딸인지  카운터에 모자쓴사람 서비스 교육 부탁드립니다.
2,음료맛이 정말... 별로에요.  사진찍기는 좋아요.  조명이 예쁘다기 보다는 인테리어가 잘 되어있고  널찍하고 공간이 많아서요.
2,1. 화장실이 개 더러움  휴지 안치움 음쓰냄새남  2. 캡모자 쓴 여자 알바 너무 싸가지없음  커피 안나왔는디 진동벨 울림  3.카운터 봐주는 여자분은 친절함  4.공간은 이쁨 
1,직원인지 딸인지  카운터에 모자쓴사람 서비스 교육 부탁드립니다.
2,음료맛이 정말... 별로에요.  사진찍기는 좋아요.  조명이 예쁘다기 보다는 인테리어가 잘 되어있고  널찍하고 공간이 많아서요.
2,1. 화장실이 개 더러움  휴지 안치움 음쓰냄새남  2. 캡모자 쓴 여자 알바 너무 싸가지없음  커피 안나왔는디 진동벨 울림  3.카운터 봐주는 여자분은 친절함  4.공간은 이쁨 
4,굿
2,인테리어만 좋고 피자 맛은 안 좋았다. 양도 적다.. 근데 비싸.. 자리값 때문인가? 그렇다 하더라도 비싸... 
4,분위기 대박 인테리어 대박 이런 곳은 또 처음이네영 놀면 뭐하니 촬영했던 곳이래요
2,"혹시나는 역시나라는 걸 알게해준 전형적인 인스타 감성, 비싼 가격엔 오직 인테리어와 자릿세만 녹아있는 듯 하다."
5,기대안했는데 좋아용ㅎㅎ
4,낮에는 사람이 많아 잠깐있다가 저녁먹고 다시방문했는데 저녁에 가는게 더 좋았어요 사람도 별로없고 분위기좋아요
2,음악이 구림 ... 
2,인테리어와 넓은 장소는 굿굿 근데 그것 뿐임 ㅋㅋ 버팔로윙인가 먹었는데 덜 익었는지 피맛나서 몇개 먹고 안먹음 양념이 닭볶음탕인지 오븐에 구운건지 애매모호함 ㅋㅋ  
3,와 너무 맛있어서 또가고싶다 라는 생각은 안들어요 분위기좋고 넓어서 외부 손님 오실 때나 특별한날 가기 좋은편
2,"조경, 인테리어는 그런데로.  까르보나라는 면이 덜 익었고 먹물 리조또는 바닷물을 사용했는지 너무나 짜다... 화가 너무나 나서 리뷰를 안쓸수가 없다..  인플루언서 작업을 했는지 어쩐지 모르겠으나 1회용 방문지 정도."
1,과도한 가격
2,음료랑 음식이 너무 비싸네요
3,넓고 햇살도 좋고 음료도 맛있었어요! 자릿값이라 어쩔 수는 없지만 아이스 음료 얼음 완전 큰데 잔도 좁은 잔(?) 이라 가격에 비하면 음료 양 심해요..
3,큰 대형카페가고싶을때? 맛은 그냥 그렇고 일단 커서 좋다!
4, 형의 평점은 객관적이다 1-5점으로 계산한다.  주차- 1점 (뚜벅이들에겐 노상관)  맛- 라떼류 4점 아메리카노 2점  평균 3점  공간 - 5점  ( 서울에서 이정도 규모면 5점이다) + 외부공간  인테리어 - 3점  흔하다  직원 서비스 - 4점 직원은 친절 알바는 보통  
4,"넓은 공간, 맛있는 요리들! 다만 가격이 조금 비싸 1점 뺐음."
2,일단 쓸데없이 비싼 음료값+세련되어 보이려고 했지만 별로 감각없는 공간+믿을 수 없이 불친절한 알바들… 사람이 앉아 있는데 바로 뒤 테이블에 청소한다고 의자 뒤집어 올리더라구요 국밥집도 그렇겐 안할 듯 그리고 10시 반까지 영업이면(알바피셜) 포털에 정확히 올리세요^^
5,직원들 매우 친절하시던데 직원 불친절하다는 분들은 하나같이 다른 매장 후기가 똑같네요ㅎ 이럴경우는 본인이 문제가 있어서 그런거 아닐까요?ㅋㅋㅋㅋㅋ 암튼 전 장소도 인테리어 커피도 서비스도 매우 만족입니다^^
3,노래가 힘드러요
5,아니 이 인테리어인데 비싸다고 하는 사람 뭐임....신경 많이 썼구만 난 좋음
1,"인테리어는 우와, 가격은 더 우와"
4,분위기 좋고 샐러드하고 파스타 맛있게 먹었는데 직원들 조름 불친절 ~ 
1,"인테리어와 크기 빼고는 장점이 1도 없네요  음료, 음식 모두 겨우 평타 치거나 그 이하에 가격도 비쌉니다 거기까진 카페 크기나 위치를 생각하며 수긍할만하지만 직원이 너무 불친절... 입술 바르면서 계산하고 핸드폰 하면서 음식을 줘요 다신 안 갈 것 같아요 ㅠㅠ"
5,맛있고 분위기 좋던데요 . 플랜테리어 ❤ 왜 평점이 낮지...?  음료가 비싸긴 해요 라떼7000 에이드8000 음식은 라구파스타 훌륭했음. 밑에 셀프라서 불만이라고 적혀있던데 이 정도 먹으려면 강남가면 2.5 이상인데 물가를 잘 모르시는 거 같아요 ; 파스타 1.9~2 정도로 저렴함
1,"구두사러 간김에 들려봤음. 파스타.샐러드.피자 주문함. 맛은 그냥저냥, 파스타는. 양이 많은 사람에게는 양이 적고 샐러드는 콘찹인지 주문했는데 재료를 너무 잘게 썰고 삶은 계란을 잘라서 일렬로 세운게 웃겼음. 조금 ×밥같음 ㅋ 피자는 마르게타,어디서나 볼수있는 맛. 금방 식어서 맛없음. 총평 음식에 비해서 가격이 비싼편 거기에 전부 셀프임 ㅋ(이게 제일 웃..."
5,공간도 너무나 예쁘고 음식도 너무나 만족스러운곳~~ 가족과 함께여서도 좋구 커플데이트로도 추천~~~ 수란명란파스타 강추!!!
1,넓고 잘 꾸며진 공간과 전시된 작품들은 좋았는데.. 음식 및 음료 가격도  비싼편이고 다먹은 잔과 접시를 반납할때 (한가한 시간임에도) 불친절한 점원분의 대응이 참 인상적이었습니다. 
4,넓고 편안한 느낌이 맘에 든다ㅎㅎ 야외 테라스 자리도 매력있음 이국적 느낌! 날씨 좋을때 테라스 가면 좋겠음 음료는 보통임 ㅋ
3,커피 가격에 비해 맛이 너무 없다. 아메리카노 시그니쳐원두랑 라떼 둘다 밍밍하고 맛없음. 분위기는 좋고 친절하지만 굳이 찾아올 정도는 아니다. 
4,"갤러리카페! 눈이 즐거움. 단점은 음료 종류가 많지않음. 음식값이 비쌈. 음료2잔 디저트,요리 1개씩 시켰는데 34,000원이 나왔다... 넘나비싼것..... 맛은 훌륭했다ㅎㅎ"
4,분위기나 인테리어는 좋음.. 음료가 좀비싼편? 
1,공간이 넓어서 자유롭게 있을수있는건 좋은데 음료가 성수동치고는 너무 비싸네요
