score,review
2,걍 그럼...굳이? 줄서서 먹을 맛은 아님...줄을 왜 서있나 싶은 정도....? 근데 매장에 손님 한팀만 들어갈수 있어서 줄 서있는듯...
5,밀도는 밀도다.
4,스콘은 ㄴㄴ
1,그냥그래
4,줄 안서고 식빵 바로 샀는데 맛 괜찮았음! 스콘은 그냥 평범 ㅎㅎ
1,"스콘을 오븐에서 꺼내야지 했다가 몇분 오버 쿡되어 꺼내면서, ‘팔 수 있을까’ 고민하다가 아까워서 ‘이정도면 괜찮아 뭐.’이러면서 봉지에 넣은것 같음. "
3,마이쪄 냠냠 리치 식빵 우유 없이 그 자리에서 4개 먹을 수 있어요!
5,여기만한 식빵집이 없음
4,괜찮은 빵집! 맛있어요 근데 갠적으론 줄서서 먹을 정도는 아닌 것 같아요
2,"사람들이 매일 줄서있기는 하지만, 솔직히 이유를 알 수 없네요. 저에게는 평범한 빵."
2,예전엔 참 괜찮았는데... 초기에는 가격도 합리적이고 맛도 있었는데 갈수록 맛은 떨어지고 가격만 오릅니다. 메뉴가 다양해지면 뭐함 맛이 없는데. 가끔 줄 없으면 리치식빵 정도는 사먹을 만 한데 굳이 줄서서 다른 거 살 필요는 없을듯함.
3,무난하네요~
1,똑바로 해
2,오픈시간에 가서 닭가슴살 샌드위치 사왔는데 안에 샐러드가 갈변돼 있었어요. 음쓰 냄새가 나서 충격입니다. 맛도 실망이에요.. 여기는 러스크가 젤 나은 거 같아요. 
1,기다리는줄이 길다고 맛집은아닙니다 후론트가 문바로앞에 있어서 그래요  갓구운빵은 먹을만합니다 그렇지만 하루지나면 이집 빵이얼마나형편없는지 알수있어요
5,어글리 코리안의 손놈 갑질은 눈꼴시려워..
5,담백 식빵 엄청 쫄깃쫄깃해서 손으로 잘 안 찢어지지만 맛있음 큐브단팥 먹자마자 눈이 크게 떠짐. 너무 맛있었다   줄 서서 샀는데 맛있게 잘 먹었다
5,너무 맛있고 정말 친절하세요ㅠㅠ 하나하나 메뉴 다 잘 설명해주시고 친절하고 젠틀하게 응대해주시고! 제일 중요한건 빵이 너무 맛있어요 3년전에도 맛있었는데 최근에도 그대로네여 ㅠㅠ 
2,맛도 기대이하고 겁나 불친절
1,맛집이라해서 오랫동안 줄서서 들어가 처음방문한건데 추천메뉴물으니 퉁명스럽게 이것저것이라 말하니 원래여기는 이렇게 불친절한가요? 했더니 그때서야 조금 친절하게 설명한다. 맛집이라고 소문나면 뭐하나 직원들 서비스마인드가 불친철한데...
4,1.허니러스크 식빵 겉면 설탕바르고 에프에 구운 식빵   2. 슈크림큐브식빵 연한 슈크림넣은 식빵 크림치즈 부분은 ㄱㅊ은데 슈크림부분이 계란 맛 많이 나서 제 취향 아니었습   3. 초코마리토쪼 퍽퍽한 던킨도넛거피 안에 밍밍하면서 텁텁한 초코크림 코코아 파우더로 맛을 내는지 텁텁한게 좀 있어요... 좀 많ㅇㅣ  아니 악감정 있는게 아니라 유명세를 이해 못할...
1,"저녁 알바들이 서비스교육이 필요해보이네요. 이십대초반으로 보이는 여자 둘, 남자 하나 일하던데 손님들 줄 서있는거 체크도 안하고 셋이 등돌리고 얘기만 주구장창하다가 늦게나마 주문봐주시네요. 손님들 서있는거 뻔하게 다 알면서… 메뉴재고 물어봐도 눈도 안맞추고 보이는게 전부세요 뿐…"
5,소올직히 빵이 쫄깃하고 맛있긴해 ㅋ 근데 부러 찾아갈정도인가는 의문임..우리동네라면 애용했겠지만...갈 일 있음 들려서 사먹어요 ㅎㅎ
4,"웨이팅을 서면서 먹을만한 빵집인가 싶긴 하지만, 식빵이 정말 맛있긴 해요. 특히 식빵 속이 정말 가게 이름처럼 밀도 높게 꽉 채워져 있고 쫄깃하면서도 부드러워요."
4,감자크림치즈 식빵 핵 존 맛 스콘 맛있음
5,최고!
4,성수동을 지나가는데 식빵이 먹고싶다면 후회없는 선택
3,줄을 서 왜? 물론 맛은 있는편 좋은 버터 쓴듯  괜찮네지 와 맛있다 아님  줄 안서면 한번정도 경험해 볼 정도 
2,빵은 맛이 좋으나 빵제조실이 오픈형인데 알바인지 직원인지 모를 남성분이 마스크벗고 조리대에 붙어서 침튀기며 얘기하고 웃고 아이스크림 먹고있네요 다시는안갈듯
3,일반식빵은 부드러움은 아니고 쫄깃하니 괜찮습니다. 그러나 초코큐브식빵은 별로였습니다 커스타드큐브는 먹어보고싶었으나 매진이여서 못먹었네요
5,밀도는 자고로 감자크림치즈식빵 입니다
5,리치식빵 존맛 스콘은 보통
4,슈크림식빵은 생크림이 아닌 크림치즈랑 같이 들어가서 제입맛엔 안맞았고.. 쪽파치즈스콘은 크림치즈가 필요한 맛. 감자식빵 괜찮던데요. 담번에 리치식빵 먹어보려고요 
1,빵값이 너무 비쌈. 집값욕할거 없음
5,"리치 식빵 먹었는데 진짜..너무 맛있다... 생크림이 느껴지고 빵의 향도, 맛도, 식감도 진짜 끝내준다..고급짐의 향연...  한 녀석만 데려온 것이 후회된다  다음에는 세 녀석 데려와야지"
5,맛나요
5,평일낮에도 줄을..  --;  빵은 맛납니다.
4,자주 가는데 가격이 계속 오르는건 좀 아쉽습니다 계산하는분이 친절하진 않아요 ㅎ
5,식빵 맛있음 
5,제가 갔을때는 사람이 없어서 줄서지않고 바로 결제했음 먹어보니 줄서더라도 또 가고 싶은 빵집 스콘이 진짜 퍼석하지않고 부드럽고 향이 너무 좋아서 계속 생각남 바질치즈인가 이건 별로 질김 하지만 대표메뉴인 큐브빵?인가를 먹어봤는데 진짜 대박맛있음 
3,사람들이 잔뜩 줄 서있어서 기대가 컸습니다. 이것저것 욕심에 많이 골랐는데 값이 꽤 나왔네요. 맛은 괜찮았는데 대기시간이나 가격 생각하면 자주 방문하지는 않을 듯합니다.
2,그냥 식빵에 그냥 스콘. 줄을 굳이 서서 기다릴 필요까지야. 
4,계산 포장하는데 1사람이 하고 있어서 너무도 오래 걸리는 큰 단점
4,"기본 식빵 맛있음, 항상 줄서는 곳"
4,식빵 맛있다
4,맛있어요 커스터드 인기메뉴 존맛탱
3,빵순이인 나로서 가성비를 생각하면 줄 서서 먹을 정도 아니인 빵집
4,맛있는데 가격이 너무 비쌈
5,괜히 줄서는게 아닌게 너무 촉촉하고 쫄깃한 담백식빵. 기다린게 아까워서 뭘 더 담게되고 그 모든게 맛있다.
5,"저녁 늦게 식빵 샀고, 다음날 오전에 먹었는데,빵 쫄깃하고 넘 맛있네요!!!"
3,"레몬스콘 맛있어요~ 근데 막 줄서서 먹을 맛은 아닌듯 가격도 비싸고..,"
4,늦은 시간에 가서 식빵을 사곤 하는 집. 맛있는 식빵이에요.
3,처음에 맛있어서 몇번 더 먹어봤는데 지점차도 있고 그날그날 다른지 좀 아쉽..
1,과대평가 된 곳인듯
3,솔직히 왜들 그렇게 줄을 서는진 모르겠음.. 괜찮긴 한데 줄 서서 먹고싶진 않음
2,빵이 대부분 딱딱하고 질김..
4,빵을 별로 안좋아하지만 여기 식빵은 맛있는거 같음.
1,성수점은 절대 아님... 빵이 쫀득한게아니고 질기며 다식어서 나와서 바로먹어도 노맛이었음. 
5,매번 갈때마다 인기가 많아서 늘 줄 서있는 곳 ㅎㅎ 오늘도 줄 서서 사가지고 왔어요 빵의 진한 맛을 기가막히게 느낄 수 있어서 정말 좋아요!
1,미니
3,식빵은 원래 따뜻할 때 먹으면 촉촉하고 맛있음. 리치랑 기본 식빵 둘다 먹어보았고 부드럽고 꽤 쫀쫀한 식감. 엄청나게 유니크한 맛은 아니었다. 디스플레이 되어있는 작은 큐브들은 사먹고 싶으나 조금 관리가 안되는 느낌이 있어서 망설여짐. 캐셔 너머로 보여지는 직원분들 스트레스 받으며 일하는 모습+ 친절한 서비스의 부재는 안타까움.   지난번에 봉투값 받으시고...
1,가격대비 퀄리티는 평범.... 메뉴도 적고...캐셔 아주머니 다그치고 톡쏘는 말투 싫어요...이게 왜이리 줄이 길까 싶어요...안을 보면 세상에서 젤 바빠보이는데 유명세에 비해 그닥 실속은 없어요.. 한나식빵이 훨씬 맛있어요
1,맛 보다는 입소문때문인지 가격이 비쌈
3,김진환제과점보다는 못하지만 담백식빵 리치식빵 모두 맛있다
3,"식빵도 나쁘지 않고 스콘은 맛있는데, 이 정도 줄 서서 사갈 빵집은 아니에요... 줄이 왜 이렇게 긴거죠..."
2,"담백식빵 먹을만하고, 밤식빵 먹을만하고.  나머지 스콘류, 큐브류 는 별론데. 블로그 사기꾼 자식들에 속아서 먹어봄. 비싸기만함.  줄스는게 부질없다.  차라리 빵선생이 낫지"
1,맛 보다는 입소문때문인지 가격이 비쌈
3,김진환제과점보다는 못하지만 담백식빵 리치식빵 모두 맛있다
3,"식빵도 나쁘지 않고 스콘은 맛있는데, 이 정도 줄 서서 사갈 빵집은 아니에요... 줄이 왜 이렇게 긴거죠..."
2,"담백식빵 먹을만하고, 밤식빵 먹을만하고.  나머지 스콘류, 큐브류 는 별론데. 블로그 사기꾼 자식들에 속아서 먹어봄. 비싸기만함.  줄스는게 부질없다.  차라리 빵선생이 낫지"
5,말이 필요 한가요. 리치식빵 최고 좋아하고요 식빵계의 신세계! 드셔보세요. 살짝 구워서도 드셔보세요. 마이크로매장.. 조금 불편하지만 용서해드립니다.
5,웨이팅을 제외하면 모두 만족
5,리치식빵 너무맛있어요 꼭 손으로뜯어먹어야해요
4,"식빵 전문점이다보니 다양한 맛을 느낄 수 있고 주말에 줄을 서는 이유는 매장이 너무 좁아 테이크아웃만 되니까 그런 것 같아요. 동네 다른 개인 빵집 중 맛있는 곳 많이 생겼어요. 노들역 '브레드숨', 석관동 '더 담백', 창동대우아파트 상가 '해밀' 우리밀식빵도 맛있어요."
5,다 맛있지만  담백 식빵이 특장점
5,하앍 너무 맛있어요 리치식빵&녹차식빵 최고!
5,진짜 최고에요
4,굿
3,쫀득
5,쫀쫀하고 진득한 빵. 줄도 길고 구경하며 느긋하게 기다리는 빵집은 아니라 배식받는 기분으로 대충골라 주워왔는데 웬걸. 생각날때마다 한 두 개씩 먹고싶은데 빵이라서 아쉽. 
5,최고의 빵집 주말마다 줄선다
5,서울숲 갈 때마다 사먹게 되는 맛! 이름값하듯 밀도 높은 빵이 한가득!
3,쫀득
5,쫀쫀하고 진득한 빵. 줄도 길고 구경하며 느긋하게 기다리는 빵집은 아니라 배식받는 기분으로 대충골라 주워왔는데 웬걸. 생각날때마다 한 두 개씩 먹고싶은데 빵이라서 아쉽. 
5,최고의 빵집 주말마다 줄선다
5,서울숲 갈 때마다 사먹게 되는 맛! 이름값하듯 밀도 높은 빵이 한가득!
3,쫀득
5,쫀쫀하고 진득한 빵. 줄도 길고 구경하며 느긋하게 기다리는 빵집은 아니라 배식받는 기분으로 대충골라 주워왔는데 웬걸. 생각날때마다 한 두 개씩 먹고싶은데 빵이라서 아쉽. 
5,최고의 빵집 주말마다 줄선다
5,서울숲 갈 때마다 사먹게 되는 맛! 이름값하듯 밀도 높은 빵이 한가득!
