score,review
2,"전반적으로 가게 관리가 전혀 안되어있고, 파운드케이크는 퍽퍽하고 맛이 없음.. 최악"
3,디저트 맛있고 인테리어도 예쁘지만 테이블에 과자 부스러기 그대로있고 의자도 지저분하고 관리가 안되는 느낌 재방문의사 없음
3,디저트 다양해요 커피는 연한편이고 황치드 바스크치즈케이크는 맛있는데 황치즈 맛이 진하진 않아요 사람적어서 괜춘
5,디저트 엄청 다양하고 맛있었음 요즘 다 덮개없이 진열하는데 많아서 마음에 걸렸는데 여긴 덮개도 다 씌어져있어서 너무 좋았다
5,딸기라떼 달지않고 딸기도 엄청 많아요ㅎㅎㅎ 디저트도 전반적으로 맛있네요 :) 다만 평일에 여유있는 상황에도 테이블 정리가 잘 안되어있었습니다ㅜ 
3,사람 넘 많음
5,쿠키가 찐 맛집이에요!!! 6갯트 추천 ㅎㅎ
5,애견동반에다 루프탑까지 있어서 강쥐 데리고 가기 너무 좋아요~~서울숲 산책 후 커피까지 완.벽. 디저트도 맛나고 커피도 맛있어요!
1,"생김새에서 맛이 예상되었으나 훨씬 별로였습니다. 한모금 베어물고 이게머지 이상하네라는 생각이 들고 손에 묻은 기름기, 곧이어 느껴지는 메스꺼움. 쿠키 하나에 밥한끼 가격인데 왜 사서먹었나 후회만 가득합니다. 핫한 동네에 감성? 인테리어적인 요소만 가지고 정작 본질은 모르는 가게라 생각듭니다."
2,이시국에 꼭 과자를 쇼케이스밖에 내놓아야 했을지ㅠㅠ뚜껑없이 걍 플레이트위에 진열된 과자들이 찝찝했...지만 같이 간 친구가 좋아하는 가게라 두개샀어용^^;; 맛은 걍 아는맛이구요 가격대비 썩 훌륭하진 않습니당...!(갠적으론 서브웨이쿠키가 더 나은것같아요) 남은과자 셀프포장할수있게 포장대있는건 좋았어요♡   버뜨 테이블은 너무낮고 의자도 불편해서 재방문의사...
4,분위기 좋고 디저트 종류가 많아서 고르는 재미가 있었어요 라떼 맛있더라구요 셀프포장 할 수 있도록 되어있는것도 좋았어요 :) 다만 가격대는 좀 있어요
3,에. ..분위기는 괜찮아요. 커피는 좀 너무함. 천원커피도 요새 훌륭한데 여기커피는  흠. 그냥 동네 자릿세 지불하고 마신다 생각하면 괜찮고  커피를 마시러간다면 안가는게 좋을지도.
2,측정된 가격에 비해... 특별한 맛은 없고 무난했어용 다만 레몬글레이즈는 진짜 너무 텁텁해서 그 부분만 먹질 못했고 사장님인지 턱스크하시더라구요 직원분은 그냥 무뚝뚝하신편. 오픈된 베이커리라 굉장히 아쉽네요
5,"별 5개가 모자란 곳,  저는 쿠키에 있어서 식감, 과하지 않은 당도, 꽉찬 구성감을 중요시 여기는데 이 곳은 그걸 다 만족시켜줍니다. 사장님 장사 제발 계속해주세요!!! 직원 서비스교육도 철저해 항상 기분 좋게 들립니다.  쿠키같은 경우는 계산 후 단순 변심의 경우엔 포장 전에 교환, 환불 해주시구요 케이크는 아무래도 케이크 스푼으로 퍼서 담다보니 형태가..."
1,"별 1개도 아까운 곳, 사장은 장사 계속하려면 직원 서비스교육부터 신경 쓰셔야 할듯.  쿠키를 한번 접시에 담는 순간 절대로 다른 쿠키로 바꿀 수 없고 무조건 결제해야하는 공산당 같은 시스템입니다. 심지어 직원 착오로 결제했는데도 미안하다는 말은 없고 무조건 접시에 담아버린 손님탓.   쿠키를 접시에 담아서 자리에 가져간 것도 아니고 손으로 만진 것도 아니..."
4,애견동반인데다가 루프탑도 있길래 왔는데 강아지는 가방안에만 있어야함... 이게 뭐람.. 이럴줄 알았으면 안왔지
4,"쿠키가 메인인 디저트 카페입니다. 저녁 늦게 방문해서 쿠키 종류가 많이 없었네요. 커피 머신이 없이 더치로 커피를 제공해준다는 문구가 눈에 띄였어요. 더치가 핫으로 나오는건 뎁혀 나온다는 걸까요? 전체적으로 가격대가 높습니다.  매장은 1, 2층에 루프탑까지 자리가 많이 있습니다. 선선한 날이면 루프탑을 이용해도 좋을 것 같아요.  먹었던 쿠키 중에는 말차..."
1,카운터 직원교육이 더 필요해 보임.. 디저트 주력인 건 알겠지만 음료 선택지가 다양하지 않음… 인테리어가 텅텅 비어서 다른 테이블 수다 소리로 울리고 머리 아프고... 컵 자체가 슬리브인데 만든 공장 잘못인지 너무 뜨거움… 너무 뜨거우니 컵을 더 달라했더니 안 된다고 함… 에이드는 설탕물 수준…
3,"비싸고, 자리 관리가 잘 안되는 느낌이에요 그래도 쿠키는 맛있어요"
2,별루.. 비싸고 달기만하고 지저분함
5,커피는 밍밍했지만 쿠키는 맛있었어요..
5,"구욱희씨 디저트, 음료 정말정말 맛있고 저녁에 루프탑 가니까 분위기 쵝오 ...  성수가면 꼭 또 다시 갈겁니다 ! 성수오면 항상 디저트 먹거나 포장해가는데 매번 새로운 거 먹어도 다 맛있어요 ㅠㅠ 특히 이번에 체리레몬에이드 진짜 존맛탱 .. 너무 맛있어요 ㅠㅠㅠㅠ 훅극흑흑"
5,직원분들 너무 친절하셔서 좋았어요.  마감시간때쯤 루프탑 해지는 풍경이 너무 예뻤어요. 늦게 가신다면 루프탑으로 가셔도 좋을듯 ! 오레오 쿠키 꼭 드세요 ! 예쁜만큼 맛있어요! 
5,다른카페는 1인 1음료인데 여기는 1인1메뉴만하면되서 좋아요! 흑임자는 정말맛있네요 맛있어서 포장도했습니다
4,카페도 크고 넓어서 좋아요!! 레몬 케이크와 더치커피는 정말 맛있었는데 쿠키는 전체적으로 좀 너무 딱딱해요ㅠ
5,키 큰 직원 너무 친절하고 디저트랑 커피도 넘넘 맛있었어용!! 재방문의사 무조건 있습니다. 매일매일 구욱희씨랑 함께 하고싶어용!!!
5,여기 사진 진짜 잘나옴. 디저트 맛있어서 다음에 또 갈듯  근데 사람 진짜 많음
4,디저트 종류 진짜 많아요! 
5,쿠키랑 파운드도 맛있고 빅토리아케이크도 너무 맛있어요! 인스타갬성 넘치는 카페☺️☺️
5,또 방문했어요 ! ^^ 역시 날씨 흐린날은 달달한디저트와 커피죠 !  매장은 약간 어수선하지만 그래도 즐기기 좋아요
1,디저트가 많긴한데 일단 커피가 맛이없어요  오레오 쿠키 먹는중에 오레오 안에서 곰팡이인지 꽃가루인지..정체모를 하얀 솜뭉치 같은게 나왔어요  아!! 그리고 의자랑 2층 화장실 너~~무 더러워요 
1,쿠키에서 비닐나왔어요 
2,햇살 맛집.. 공간이 넓은 것은 좋은데 결정적으로 커피가 진짜 맛없다!! 원두의 문제인지 로스팅의 문제인지 향이 비어있는 느낌이었다. 커피값이 아니라 자리값으로 7000원 냈다고 생각하면 나쁘진 않다.
1,커피 맛 없음. 음료의 선택의 폭도 다른곳과 달리 너무 적은데 가격은 비싸다. 공간과 커피를 즐기러 이 가격을 지불하기엔 분위기도 없고 특색있는 인테리어도 없음. 
5,공간도 넓어서 요즘같을때에 덜 불안하게 즐길수 있었어요ㅎㅎ 블루베리 파운드케이크가 특히 상큼해서 단거 싫어하는 사람들한테 강추! 쿠키보다는 케이크랑 스콘이 맛있거라구요ㅋㅋㅋㅋㅋ
5,진짜 파운드는 존맛탱입니다!!! 바질스콘도 너무 맛있어요! 정신없이 먹느라 먹다가 사진찍네요...!!
4,커피맛있어요!!흑임자파운드맛있네요 요즘 이렇게 넓은곳 몇 없는데 편히먹고 놀다왔어요
5,다들 뭐가 불만인지 모르겠지만 개인적으로 방문한 디저트카페들중엔 제일 공간 활용도 잘 되어있고 예쁜 장소였음. 불편한 게 있다면 루프탑 이용시에 화장실이 급해지면 스텝이 꼬일까봐 그건 좀 걱정...
2,커피는 맛있었어요 구수하고 케익은 너무 퍽퍽했고  흑임자는 맛있었고 쿠키도 맛있었는데 거의 남겼어요ㅠ 아까워요 ㅠ포장할껄
5,가격대가 높지만 디저트가 아주 맛있어서 후회없습니다 쑥스콘? 구웅. 우우우웅 ㅅ
1,카페 내부에서 나는 특유의 냄새가 음식에도 베어있어서 맛이 안느껴지네요...다시 재방문할 맛은 아닌 것 같아요 
1,진짜 커피가 최악이에요 산미가 너무 심하고 기본 6-7천원인데 편의점 아메리카노가 더 맛있을 정도;; 입안에 이상한 맛이 계속 남아서 토할 것 같구요 베이커리도 진짜 그 가격 못해요... 거기다가 건물은 울려서 너무 시끄러워요 그 가격 못해요 사진만 예쁨
1,다닥다닥 붙어앉지않아 좋지만 음료 가격이나 제빵 가격은 맛대비 너무한데요;; 다신 안갈듯...
2,공간은 넓고 예쁜데 디저트가 진짜 너무너무너무너무 달아요. 말차쿠키랑 레몬케이크 먹었는데 진짜 너무너무너무 달아요. 
4,"더치커피 갠취♥️ 핸드드립은 산미 있음 디저트는 soso...  포토스팟: 그네, 루프탑"
5,커피는 호불호가 있을 것 같지만 가오픈 카페인 것을 감안했을 때 나쁜 수준은 아니라고 생각합니다. 커피만 마셨을 때는 애매한 느낌을 받을 수 있긴하지만 매장에서 판매 중인 다른 쿠키류랑 함께 하니 조합이 괜찮았습니다. 공간이 주는 쾌적함도 훌륭했습니다.  서울숲에서 이정도 공간에 피크닉 느낌이 날 수 있는 카페가 흔치 않은 터라 만족스러웠습니다. 재방문 의...
5,쿠키를 비롯한 모든 디저트가 맛있어용  넓고 쾌적하고 깔끔함 ! 좋은시간보내고 가네용 구욱희가  쿠키라는 게 참 재밌네요
